,,,,,,,,,,
,Team 1,Team 2,Winner,Margin,Ground,Match Date,Scorecard,Year,,https://www.espncricinfo.com/
,Australia,West Indies,West Indies,17 runs,Lord's,21-Jun-75,ODI # 33,1975,,
,England,Australia,Australia,4 wickets,Leeds,18-Jun-75,ODI # 31,1975,,
,New Zealand,West Indies,West Indies,5 wickets,The Oval,18-Jun-75,ODI # 32,1975,,
,England,East Africa,England,196 runs,Birmingham,14-Jun-75,ODI # 27,1975,,
,India,New Zealand,New Zealand,4 wickets,Manchester,14-Jun-75,ODI # 28,1975,,
,Australia,West Indies,West Indies,7 wickets,The Oval,14-Jun-75,ODI # 29,1975,,
,Pakistan,Sri Lanka,Pakistan,192 runs,Nottingham,14-Jun-75,ODI # 30,1975,,
,England,New Zealand,England,80 runs,Nottingham,11-Jun-75,ODI # 23,1975,,
,East Africa,India,India,10 wickets,Leeds,11-Jun-75,ODI # 24,1975,,
,Australia,Sri Lanka,Australia,52 runs,The Oval,11-Jun-75,ODI # 25,1975,,
,Pakistan,West Indies,West Indies,1 wicket,Birmingham,11-Jun-75,ODI # 26,1975,,
,England,India,England,202 runs,Lord's,7-Jun-75,ODI # 19,1975,,
,East Africa,New Zealand,New Zealand,181 runs,Birmingham,7-Jun-75,ODI # 20,1975,,
,Australia,Pakistan,Australia,73 runs,Leeds,7-Jun-75,ODI # 21,1975,,
,Sri Lanka,West Indies,West Indies,9 wickets,Manchester,7-Jun-75,ODI # 22,1975,,
,England,West Indies,West Indies,92 runs,Lord's,23-Jun-79,ODI # 74,1979,,
,England,New Zealand,England,9 runs,Manchester,20-Jun-79,ODI # 72,1979,,
,Pakistan,West Indies,West Indies,43 runs,The Oval,20-Jun-79,ODI # 73,1979,,
,India,Sri Lanka,Sri Lanka,47 runs,Manchester,"Jun 16-18, 1979",ODI # 68,1979,,
,New Zealand,West Indies,West Indies,32 runs,Nottingham,16-Jun-79,ODI # 69,1979,,
,Australia,Canada,Australia,7 wickets,Birmingham,16-Jun-79,ODI # 70,1979,,
,England,Pakistan,England,14 runs,Leeds,16-Jun-79,ODI # 71,1979,,
,India,New Zealand,New Zealand,8 wickets,Leeds,13-Jun-79,ODI # 65,1979,,
,Australia,Pakistan,Pakistan,89 runs,Nottingham,"Jun 13-14, 1979",ODI # 66,1979,,
,England,Canada,England,8 wickets,Manchester,"Jun 13-14, 1979",ODI # 67,1979,,
,India,West Indies,West Indies,9 wickets,Birmingham,9-Jun-79,ODI # 61,1979,,
,New Zealand,Sri Lanka,New Zealand,9 wickets,Nottingham,9-Jun-79,ODI # 62,1979,,
,England,Australia,England,6 wickets,Lord's,9-Jun-79,ODI # 63,1979,,
,Canada,Pakistan,Pakistan,8 wickets,Leeds,9-Jun-79,ODI # 64,1979,,
,India,West Indies,India,43 runs,Lord's,25-Jun-83,ODI # 223,1983,,
,England,India,India,6 wickets,Manchester,22-Jun-83,ODI # 221,1983,,
,Pakistan,West Indies,West Indies,8 wickets,The Oval,22-Jun-83,ODI # 222,1983,,
,England,Sri Lanka,England,9 wickets,Leeds,20-Jun-83,ODI # 217,1983,,
,New Zealand,Pakistan,Pakistan,11 runs,Nottingham,20-Jun-83,ODI # 218,1983,,
,Australia,India,India,118 runs,Chelmsford,20-Jun-83,ODI # 219,1983,,
,West Indies,Zimbabwe,West Indies,10 wickets,Birmingham,20-Jun-83,ODI # 220,1983,,
,England,Pakistan,England,7 wickets,Manchester,18-Jun-83,ODI # 213,1983,,
,New Zealand,Sri Lanka,Sri Lanka,3 wickets,Derby,18-Jun-83,ODI # 214,1983,,
,Australia,West Indies,West Indies,7 wickets,Lord's,18-Jun-83,ODI # 215,1983,,
,India,Zimbabwe,India,31 runs,Tunbridge Wells,18-Jun-83,ODI # 216,1983,,
,Pakistan,Sri Lanka,Pakistan,11 runs,Leeds,16-Jun-83,ODI # 211,1983,,
,Australia,Zimbabwe,Australia,32 runs,Southampton,16-Jun-83,ODI # 212,1983,,
,England,New Zealand,New Zealand,2 wickets,Birmingham,15-Jun-83,ODI # 209,1983,,
,India,West Indies,West Indies,66 runs,The Oval,15-Jun-83,ODI # 210,1983,,
,England,Pakistan,England,8 wickets,Lord's,13-Jun-83,ODI # 205,1983,,
,New Zealand,Sri Lanka,New Zealand,5 wickets,Bristol,13-Jun-83,ODI # 206,1983,,
,Australia,India,Australia,162 runs,Nottingham,13-Jun-83,ODI # 207,1983,,
,West Indies,Zimbabwe,West Indies,8 wickets,Worcester,13-Jun-83,ODI # 208,1983,,
,England,Sri Lanka,England,47 runs,Taunton,11-Jun-83,ODI # 201,1983,,
,New Zealand,Pakistan,New Zealand,52 runs,Birmingham,"Jun 11-12, 1983",ODI # 202,1983,,
,Australia,West Indies,West Indies,101 runs,Leeds,"Jun 11-12, 1983",ODI # 203,1983,,
,India,Zimbabwe,India,5 wickets,Leicester,11-Jun-83,ODI # 204,1983,,
,England,New Zealand,England,106 runs,The Oval,9-Jun-83,ODI # 197,1983,,
,Pakistan,Sri Lanka,Pakistan,50 runs,Swansea,9-Jun-83,ODI # 198,1983,,
,Australia,Zimbabwe,Zimbabwe,13 runs,Nottingham,9-Jun-83,ODI # 199,1983,,
,India,West Indies,India,34 runs,Manchester,"Jun 9-10, 1983",ODI # 200,1983,,
,England,Pakistan,Pakistan,22 runs,Melbourne,25-Mar-92,ODI # 752,1991,,
,England,South Africa,England,19 runs,Sydney,22-Mar-92,ODI # 751,1991,,
,New Zealand,Pakistan,Pakistan,4 wickets,Auckland,21-Mar-92,ODI # 750,1991,,
,Australia,West Indies,Australia,57 runs,Melbourne,18-Mar-92,ODI # 749,1991,,
,England,Zimbabwe,Zimbabwe,9 runs,Albury,18-Mar-92,ODI # 748,1991,,
,New Zealand,Pakistan,Pakistan,7 wickets,Christchurch,18-Mar-92,ODI # 747,1991,,
,Pakistan,Sri Lanka,Pakistan,4 wickets,Perth,15-Mar-92,ODI # 746,1991,,
,India,South Africa,South Africa,6 wickets,Adelaide,15-Mar-92,ODI # 745,1991,,
,New Zealand,England,New Zealand,7 wickets,Wellington,15-Mar-92,ODI # 744,1991,,
,Australia,Zimbabwe,Australia,128 runs,Hobart,14-Mar-92,ODI # 743,1991,,
,Sri Lanka,West Indies,West Indies,91 runs,Berri,13-Mar-92,ODI # 742,1991,,
,England,South Africa,England,3 wickets,Melbourne,12-Mar-92,ODI # 741,1991,,
,New Zealand,India,New Zealand,4 wickets,Dunedin,12-Mar-92,ODI # 740,1991,,
,Australia,Pakistan,Pakistan,48 runs,Perth,11-Mar-92,ODI # 739,1991,,
,South Africa,Zimbabwe,South Africa,7 wickets,Canberra,10-Mar-92,ODI # 738,1991,,
,India,West Indies,West Indies,5 wickets,Wellington,10-Mar-92,ODI # 737,1991,,
,England,Sri Lanka,England,106 runs,Ballarat,9-Mar-92,ODI # 736,1991,,
,Pakistan,South Africa,South Africa,20 runs,Brisbane,8-Mar-92,ODI # 735,1991,,
,New Zealand,West Indies,New Zealand,5 wickets,Auckland,8-Mar-92,ODI # 734,1991,,
,Australia,Sri Lanka,Australia,7 wickets,Adelaide,7-Mar-92,ODI # 733,1991,,
,India,Zimbabwe,India,55 runs,Hamilton,7-Mar-92,ODI # 732,1991,,
,Australia,England,England,8 wickets,Sydney,5-Mar-92,ODI # 731,1991,,
,South Africa,West Indies,South Africa,64 runs,Christchurch,5-Mar-92,ODI # 730,1991,,
,India,Pakistan,India,43 runs,Sydney,4-Mar-92,ODI # 729,1991,,
,New Zealand,Zimbabwe,New Zealand,48 runs,Napier,3-Mar-92,ODI # 728,1991,,
,South Africa,Sri Lanka,Sri Lanka,3 wickets,Wellington,2-Mar-92,ODI # 727,1991,,
,England,Pakistan,no result,-,Adelaide,1-Mar-92,ODI # 726,1991,,
,Australia,India,Australia,1 run,Brisbane,1-Mar-92,ODI # 725,1991,,
,West Indies,Zimbabwe,West Indies,75 runs,Brisbane,29-Feb-92,ODI # 724,1991,,
,New Zealand,South Africa,New Zealand,7 wickets,Auckland,29-Feb-92,ODI # 723,1991,,
,India,Sri Lanka,no result,-,Mackay,28-Feb-92,ODI # 722,1991,,
,England,West Indies,England,6 wickets,Melbourne,27-Feb-92,ODI # 721,1991,,
,Pakistan,Zimbabwe,Pakistan,53 runs,Hobart,27-Feb-92,ODI # 720,1991,,
,Australia,South Africa,South Africa,9 wickets,Sydney,26-Feb-92,ODI # 719,1991,,
,New Zealand,Sri Lanka,New Zealand,6 wickets,Hamilton,25-Feb-92,ODI # 718,1991,,
,Pakistan,West Indies,West Indies,10 wickets,Melbourne,23-Feb-92,ODI # 717,1991,,
,Sri Lanka,Zimbabwe,Sri Lanka,3 wickets,New Plymouth,23-Feb-92,ODI # 716,1991,,
,England,India,England,9 runs,Perth,22-Feb-92,ODI # 715,1991,,
,New Zealand,Australia,New Zealand,37 runs,Auckland,22-Feb-92,ODI # 714,1991,,
,Australia,Sri Lanka,Sri Lanka,7 wickets,Lahore,17-Mar-96,ODI # 1083,1995,,
,Australia,West Indies,Australia,5 runs,Mohali,14-Mar-96,ODI # 1082,1995,,
,India,Sri Lanka,Sri Lanka,-,Eden Gardens,13-Mar-96,ODI # 1081,1995,,
,Australia,New Zealand,Australia,6 wickets,Chennai,11-Mar-96,ODI # 1080,1995,,
,South Africa,West Indies,West Indies,19 runs,Karachi,11-Mar-96,ODI # 1079,1995,,
,India,Pakistan,India,39 runs,Bengaluru,9-Mar-96,ODI # 1078,1995,,
,England,Sri Lanka,Sri Lanka,5 wickets,Faisalabad,9-Mar-96,ODI # 1077,1995,,
,Pakistan,New Zealand,Pakistan,46 runs,Lahore,6-Mar-96,ODI # 1076,1995,,
,Sri Lanka,Kenya,Sri Lanka,144 runs,Kandy,6-Mar-96,ODI # 1074,1995,,
,India,Zimbabwe,India,40 runs,Kanpur,6-Mar-96,ODI # 1075,1995,,
,Netherlands,South Africa,South Africa,160 runs,Rawalpindi,5-Mar-96,ODI # 1073,1995,,
,Australia,West Indies,West Indies,4 wickets,Jaipur,4-Mar-96,ODI # 1072,1995,,
,Pakistan,England,Pakistan,7 wickets,Karachi,3-Mar-96,ODI # 1071,1995,,
,India,Sri Lanka,Sri Lanka,6 wickets,Delhi,2-Mar-96,ODI # 1070,1995,,
,Netherlands,U.A.E.,U.A.E.,7 wickets,Lahore,1-Mar-96,ODI # 1069,1995,,
,Australia,Zimbabwe,Australia,8 wickets,Nagpur,1-Mar-96,ODI # 1068,1995,,
,Pakistan,South Africa,South Africa,5 wickets,Karachi,29-Feb-96,ODI # 1067,1995,,
,Kenya,West Indies,Kenya,73 runs,Pune,29-Feb-96,ODI # 1066,1995,,
,India,Australia,Australia,16 runs,Wankhede,27-Feb-96,ODI # 1065,1995,,
,New Zealand,U.A.E.,New Zealand,109 runs,Faisalabad,27-Feb-96,ODI # 1064,1995,,
,Kenya,Zimbabwe,Zimbabwe,5 wickets,Patna,27-Feb-96,ODI # 1063,1995,,
,Pakistan,Netherlands,Pakistan,8 wickets,Lahore,26-Feb-96,ODI # 1062,1995,,
,Kenya,Zimbabwe,no result,-,Patna,26-Feb-96,ODI # 1061,1995,,
,England,South Africa,South Africa,78 runs,Rawalpindi,25-Feb-96,ODI # 1060,1995,,
,Pakistan,U.A.E.,Pakistan,9 wickets,Gujranwala,24-Feb-96,ODI # 1059,1995,,
,Australia,Kenya,Australia,97 runs,Visakhapatnam,23-Feb-96,ODI # 1058,1995,,
,England,Netherlands,England,49 runs,Peshawar,22-Feb-96,ODI # 1057,1995,,
,India,West Indies,India,5 wickets,Gwalior,21-Feb-96,ODI # 1056,1995,,
,Sri Lanka,Zimbabwe,Sri Lanka,6 wickets,Colombo (SSC),21-Feb-96,ODI # 1055,1995,,
,New Zealand,South Africa,South Africa,5 wickets,Faisalabad,20-Feb-96,ODI # 1054,1995,,
,England,U.A.E.,England,8 wickets,Peshawar,18-Feb-96,ODI # 1053,1995,,
,India,Kenya,India,7 wickets,Cuttack,18-Feb-96,ODI # 1052,1995,,
,Netherlands,New Zealand,New Zealand,119 runs,Vadodara,17-Feb-96,ODI # 1051,1995,,
,West Indies,Zimbabwe,West Indies,6 wickets,Hyderabad (Deccan),16-Feb-96,ODI # 1050,1995,,
,South Africa,U.A.E.,South Africa,169 runs,Rawalpindi,16-Feb-96,ODI # 1049,1995,,
,England,New Zealand,New Zealand,11 runs,Ahmedabad,14-Feb-96,ODI # 1048,1995,,
,Australia,Pakistan,Australia,8 wickets,Lord's,20-Jun-99,ODI # 1484,1999,,
,Australia,South Africa,tied,-,Birmingham,17-Jun-99,ODI # 1483,1999,,
,New Zealand,Pakistan,Pakistan,9 wickets,Manchester,16-Jun-99,ODI # 1482,1999,,
,Australia,South Africa,Australia,5 wickets,Leeds,13-Jun-99,ODI # 1481,1999,,
,India,New Zealand,New Zealand,5 wickets,Nottingham,12-Jun-99,ODI # 1480,1999,,
,Pakistan,Zimbabwe,Pakistan,148 runs,The Oval,11-Jun-99,ODI # 1479,1999,,
,New Zealand,South Africa,South Africa,74 runs,Birmingham,10-Jun-99,ODI # 1478,1999,,
,Australia,Zimbabwe,Australia,44 runs,Lord's,9-Jun-99,ODI # 1477,1999,,
,India,Pakistan,India,47 runs,Manchester,8-Jun-99,ODI # 1476,1999,,
,New Zealand,Zimbabwe,no result,-,Leeds,"Jun 6-7, 1999",ODI # 1475,1999,,
,Pakistan,South Africa,South Africa,3 wickets,Nottingham,5-Jun-99,ODI # 1474,1999,,
,Australia,India,Australia,77 runs,The Oval,4-Jun-99,ODI # 1473,1999,,
,Bangladesh,Pakistan,Bangladesh,62 runs,Northampton,31-May-99,ODI # 1471,1999,,
,Scotland,New Zealand,New Zealand,6 wickets,Edinburgh,31-May-99,ODI # 1472,1999,,
,Kenya,Sri Lanka,Sri Lanka,45 runs,Southampton,30-May-99,ODI # 1469,1999,,
,Australia,West Indies,Australia,6 wickets,Manchester,30-May-99,ODI # 1470,1999,,
,England,India,India,63 runs,Birmingham,"May 29-30, 1999",ODI # 1467,1999,,
,South Africa,Zimbabwe,Zimbabwe,48 runs,Chelmsford,29-May-99,ODI # 1468,1999,,
,New Zealand,Pakistan,Pakistan,62 runs,Derby,28-May-99,ODI # 1466,1999,,
,Australia,Bangladesh,Australia,7 wickets,Chester-le-Street,27-May-99,ODI # 1464,1999,,
,Scotland,West Indies,West Indies,8 wickets,Leicester,27-May-99,ODI # 1465,1999,,
,India,Sri Lanka,India,157 runs,Taunton,26-May-99,ODI # 1463,1999,,
,Kenya,South Africa,South Africa,7 wickets,Amstelveen,26-May-99,ODI # 1462,1999,,
,England,Zimbabwe,England,7 wickets,Nottingham,25-May-99,ODI # 1461,1999,,
,Scotland,Bangladesh,Bangladesh,22 runs,Edinburgh,24-May-99,ODI # 1459,1999,,
,New Zealand,West Indies,West Indies,7 wickets,Southampton,24-May-99,ODI # 1460,1999,,
,India,Kenya,India,94 runs,Bristol,23-May-99,ODI # 1457,1999,,
,Australia,Pakistan,Pakistan,10 runs,Leeds,23-May-99,ODI # 1458,1999,,
,England,South Africa,South Africa,122 runs,The Oval,22-May-99,ODI # 1455,1999,,
,Sri Lanka,Zimbabwe,Sri Lanka,4 wickets,Worcester,22-May-99,ODI # 1456,1999,,
,Bangladesh,West Indies,West Indies,7 wickets,Dublin,21-May-99,ODI # 1454,1999,,
,Australia,New Zealand,New Zealand,5 wickets,Cardiff,20-May-99,ODI # 1452,1999,,
,Pakistan,Scotland,Pakistan,94 runs,Chester-le-Street,20-May-99,ODI # 1453,1999,,
,India,Zimbabwe,Zimbabwe,3 runs,Leicester,19-May-99,ODI # 1450,1999,,
,South Africa,Sri Lanka,South Africa,89 runs,Northampton,19-May-99,ODI # 1451,1999,,
,England,Kenya,England,9 wickets,Canterbury,18-May-99,ODI # 1449,1999,,
,Bangladesh,New Zealand,New Zealand,6 wickets,Chelmsford,17-May-99,ODI # 1448,1999,,
,Australia,Scotland,Australia,6 wickets,Worcester,16-May-99,ODI # 1446,1999,,
,Pakistan,West Indies,Pakistan,27 runs,Bristol,16-May-99,ODI # 1447,1999,,
,India,South Africa,South Africa,4 wickets,Hove,15-May-99,ODI # 1444,1999,,
,Kenya,Zimbabwe,Zimbabwe,5 wickets,Taunton,15-May-99,ODI # 1445,1999,,
,England,Sri Lanka,England,8 wickets,Lord's,14-May-99,ODI # 1443,1999,,
,Australia,India,Australia,125 runs,Johannesburg,23-Mar-03,ODI # 1993,2003,,
,India,Kenya,India,91 runs,Durban,20-Mar-03,ODI # 1992,2003,,
,Australia,Sri Lanka,Australia,48 runs,Gqeberha,18-Mar-03,ODI # 1991,2003,,
,Australia,Kenya,Australia,5 wickets,Durban,15-Mar-03,ODI # 1990,2003,,
,Sri Lanka,Zimbabwe,Sri Lanka,74 runs,East London,15-Mar-03,ODI # 1989,2003,,
,India,New Zealand,India,7 wickets,Centurion,14-Mar-03,ODI # 1988,2003,,
,Kenya,Zimbabwe,Kenya,7 wickets,Bloemfontein,12-Mar-03,ODI # 1987,2003,,
,Australia,New Zealand,Australia,96 runs,Gqeberha,11-Mar-03,ODI # 1986,2003,,
,India,Sri Lanka,India,183 runs,Johannesburg,10-Mar-03,ODI # 1985,2003,,
,New Zealand,Zimbabwe,New Zealand,6 wickets,Bloemfontein,8-Mar-03,ODI # 1984,2003,,
,India,Kenya,India,6 wickets,Cape Town,7-Mar-03,ODI # 1983,2003,,
,Australia,Sri Lanka,Australia,96 runs,Centurion,7-Mar-03,ODI # 1982,2003,,
,Kenya,West Indies,West Indies,142 runs,Kimberley,4-Mar-03,ODI # 1981,2003,,
,Zimbabwe,Pakistan,no result,-,Bulawayo,4-Mar-03,ODI # 1980,2003,,
,South Africa,Sri Lanka,tied,-,Durban,3-Mar-03,ODI # 1979,2003,,
,Canada,New Zealand,New Zealand,5 wickets,Benoni,3-Mar-03,ODI # 1977,2003,,
,Namibia,Netherlands,Netherlands,64 runs,Bloemfontein,3-Mar-03,ODI # 1978,2003,,
,Australia,England,Australia,2 wickets,Gqeberha,2-Mar-03,ODI # 1976,2003,,
,Bangladesh,Kenya,Kenya,32 runs,Johannesburg,1-Mar-03,ODI # 1974,2003,,
,India,Pakistan,India,6 wickets,Centurion,1-Mar-03,ODI # 1975,2003,,
,Sri Lanka,West Indies,Sri Lanka,6 runs,Cape Town,28-Feb-03,ODI # 1973,2003,,
,Zimbabwe,Netherlands,Zimbabwe,99 runs,Bulawayo,28-Feb-03,ODI # 1972,2003,,
,Australia,Namibia,Australia,256 runs,Potchefstroom,27-Feb-03,ODI # 1970,2003,,
,South Africa,Canada,South Africa,118 runs,East London,27-Feb-03,ODI # 1971,2003,,
,England,India,India,82 runs,Durban,26-Feb-03,ODI # 1969,2003,,
,Bangladesh,New Zealand,New Zealand,7 wickets,Kimberley,26-Feb-03,ODI # 1968,2003,,
,Netherlands,Pakistan,Pakistan,97 runs,Paarl,25-Feb-03,ODI # 1967,2003,,
,Zimbabwe,Australia,Australia,7 wickets,Bulawayo,24-Feb-03,ODI # 1966,2003,,
,Kenya,Sri Lanka,Kenya,53 runs,Nairobi (Gym),24-Feb-03,ODI # 1965,2003,,
,Canada,West Indies,West Indies,7 wickets,Centurion,23-Feb-03,ODI # 1963,2003,,
,India,Namibia,India,181 runs,Pietermaritzburg,23-Feb-03,ODI # 1964,2003,,
,England,Pakistan,England,112 runs,Cape Town,22-Feb-03,ODI # 1962,2003,,
,South Africa,Bangladesh,South Africa,10 wickets,Bloemfontein,22-Feb-03,ODI # 1961,2003,,
,Australia,Netherlands,Australia,75 runs,Potchefstroom,20-Feb-03,ODI # 1960,2003,,
,Canada,Sri Lanka,Sri Lanka,9 wickets,Paarl,19-Feb-03,ODI # 1958,2003,,
,England,Namibia,England,55 runs,Gqeberha,19-Feb-03,ODI # 1959,2003,,
,Zimbabwe,India,India,83 runs,Harare,19-Feb-03,ODI # 1957,2003,,
,Bangladesh,West Indies,no result,-,Benoni,18-Feb-03,ODI # 1956,2003,,
,England,Netherlands,England,6 wickets,East London,16-Feb-03,ODI # 1953,2003,,
,Namibia,Pakistan,Pakistan,171 runs,Kimberley,16-Feb-03,ODI # 1954,2003,,
,South Africa,New Zealand,New Zealand,9 wickets,Johannesburg,16-Feb-03,ODI # 1955,2003,,
,Canada,Kenya,Kenya,4 wickets,Cape Town,15-Feb-03,ODI # 1952,2003,,
,Australia,India,Australia,9 wickets,Centurion,15-Feb-03,ODI # 1951,2003,,
,Bangladesh,Sri Lanka,Sri Lanka,10 wickets,Pietermaritzburg,14-Feb-03,ODI # 1950,2003,,
,New Zealand,West Indies,New Zealand,20 runs,Gqeberha,13-Feb-03,ODI # 1949,2003,,
,South Africa,Kenya,South Africa,10 wickets,Potchefstroom,12-Feb-03,ODI # 1947,2003,,
,India,Netherlands,India,68 runs,Paarl,12-Feb-03,ODI # 1948,2003,,
,Bangladesh,Canada,Canada,60 runs,Durban,11-Feb-03,ODI # 1946,2003,,
,Australia,Pakistan,Australia,82 runs,Johannesburg,11-Feb-03,ODI # 1945,2003,,
,New Zealand,Sri Lanka,Sri Lanka,47 runs,Bloemfontein,10-Feb-03,ODI # 1944,2003,,
,Zimbabwe,Namibia,Zimbabwe,86 runs,Harare,10-Feb-03,ODI # 1943,2003,,
,South Africa,West Indies,West Indies,3 runs,Cape Town,9-Feb-03,ODI # 1942,2003,,
,Australia,Sri Lanka,Australia,53 runs,Bridgetown,28-Apr-07,ODI # 2581,2007,,
,Australia,South Africa,Australia,7 wickets,Gros Islet,25-Apr-07,ODI # 2580,2007,,
,New Zealand,Sri Lanka,Sri Lanka,81 runs,Kingston,24-Apr-07,ODI # 2579,2007,,
,West Indies,England,England,1 wicket,Bridgetown,21-Apr-07,ODI # 2578,2007,,
,Australia,New Zealand,Australia,215 runs,St George's,20-Apr-07,ODI # 2577,2007,,
,West Indies,Bangladesh,West Indies,99 runs,Bridgetown,19-Apr-07,ODI # 2576,2007,,
,Ireland,Sri Lanka,Sri Lanka,8 wickets,St George's,18-Apr-07,ODI # 2575,2007,,
,England,South Africa,South Africa,9 wickets,Bridgetown,17-Apr-07,ODI # 2574,2007,,
,Australia,Sri Lanka,Australia,7 wickets,St George's,16-Apr-07,ODI # 2573,2007,,
,Bangladesh,Ireland,Ireland,74 runs,Bridgetown,15-Apr-07,ODI # 2572,2007,,
,New Zealand,South Africa,New Zealand,5 wickets,St George's,14-Apr-07,ODI # 2571,2007,,
,Australia,Ireland,Australia,9 wickets,Bridgetown,13-Apr-07,ODI # 2570,2007,,
,New Zealand,Sri Lanka,Sri Lanka,6 wickets,St George's,12-Apr-07,ODI # 2569,2007,,
,Bangladesh,England,England,4 wickets,Bridgetown,11-Apr-07,ODI # 2568,2007,,
,West Indies,South Africa,South Africa,67 runs,St George's,10-Apr-07,ODI # 2567,2007,,
,Ireland,New Zealand,New Zealand,129 runs,Providence,9-Apr-07,ODI # 2566,2007,,
,Australia,England,Australia,7 wickets,North Sound,8-Apr-07,ODI # 2565,2007,,
,Bangladesh,South Africa,Bangladesh,67 runs,Providence,7-Apr-07,ODI # 2564,2007,,
,England,Sri Lanka,Sri Lanka,2 runs,North Sound,4-Apr-07,ODI # 2563,2007,,
,Ireland,South Africa,South Africa,7 wickets,Providence,3-Apr-07,ODI # 2562,2007,,
,Bangladesh,New Zealand,New Zealand,9 wickets,North Sound,2-Apr-07,ODI # 2561,2007,,
,West Indies,Sri Lanka,Sri Lanka,113 runs,Providence,1-Apr-07,ODI # 2560,2007,,
,Australia,Bangladesh,Australia,10 wickets,North Sound,31-Mar-07,ODI # 2559,2007,,
,England,Ireland,England,48 runs,Providence,30-Mar-07,ODI # 2558,2007,,
,West Indies,New Zealand,New Zealand,7 wickets,North Sound,29-Mar-07,ODI # 2557,2007,,
,South Africa,Sri Lanka,South Africa,1 wicket,Providence,28-Mar-07,ODI # 2556,2007,,
,West Indies,Australia,Australia,103 runs,North Sound,"Mar 27-28, 2007",ODI # 2555,2007,,
,Bangladesh,Bermuda,Bangladesh,7 wickets,Port of Spain,25-Mar-07,ODI # 2554,2007,,
,Australia,South Africa,Australia,83 runs,Basseterre,24-Mar-07,ODI # 2552,2007,,
,England,Kenya,England,7 wickets,Gros Islet,24-Mar-07,ODI # 2553,2007,,
,West Indies,Ireland,West Indies,8 wickets,Kingston,23-Mar-07,ODI # 2551,2007,,
,India,Sri Lanka,Sri Lanka,69 runs,Port of Spain,23-Mar-07,ODI # 2550,2007,,
,Canada,New Zealand,New Zealand,114 runs,Gros Islet,22-Mar-07,ODI # 2548,2007,,
,Netherlands,Scotland,Netherlands,8 wickets,Basseterre,22-Mar-07,ODI # 2549,2007,,
,Pakistan,Zimbabwe,Pakistan,93 runs,Kingston,21-Mar-07,ODI # 2547,2007,,
,Bangladesh,Sri Lanka,Sri Lanka,198 runs,Port of Spain,21-Mar-07,ODI # 2546,2007,,
,Kenya,New Zealand,New Zealand,148 runs,Gros Islet,20-Mar-07,ODI # 2544,2007,,
,Scotland,South Africa,South Africa,7 wickets,Basseterre,20-Mar-07,ODI # 2545,2007,,
,West Indies,Zimbabwe,West Indies,6 wickets,Kingston,19-Mar-07,ODI # 2543,2007,,
,Bermuda,India,India,257 runs,Port of Spain,19-Mar-07,ODI # 2542,2007,,
,Australia,Netherlands,Australia,229 runs,Basseterre,18-Mar-07,ODI # 2540,2007,,
,Canada,England,England,51 runs,Gros Islet,18-Mar-07,ODI # 2541,2007,,
,Ireland,Pakistan,Ireland,3 wickets,Kingston,17-Mar-07,ODI # 2539,2007,,
,Bangladesh,India,Bangladesh,5 wickets,Port of Spain,17-Mar-07,ODI # 2538,2007,,
,England,New Zealand,New Zealand,6 wickets,Gros Islet,16-Mar-07,ODI # 2536,2007,,
,Netherlands,South Africa,South Africa,221 runs,Basseterre,16-Mar-07,ODI # 2537,2007,,
,Ireland,Zimbabwe,tied,-,Kingston,15-Mar-07,ODI # 2535,2007,,
,Bermuda,Sri Lanka,Sri Lanka,243 runs,Port of Spain,15-Mar-07,ODI # 2534,2007,,
,Australia,Scotland,Australia,203 runs,Basseterre,14-Mar-07,ODI # 2532,2007,,
,Canada,Kenya,Kenya,7 wickets,Gros Islet,14-Mar-07,ODI # 2533,2007,,
,West Indies,Pakistan,West Indies,54 runs,Kingston,13-Mar-07,ODI # 2531,2007,,
,India,Sri Lanka,India,6 wickets,Wankhede,2-Apr-11,ODI # 3148,2011,,
,India,Pakistan,India,29 runs,Mohali,30-Mar-11,ODI # 3147,2011,,
,Sri Lanka,New Zealand,Sri Lanka,5 wickets,Colombo (RPS),29-Mar-11,ODI # 3146,2011,,
,Sri Lanka,England,Sri Lanka,10 wickets,Colombo (RPS),26-Mar-11,ODI # 3145,2011,,
,New Zealand,South Africa,New Zealand,49 runs,Mirpur,25-Mar-11,ODI # 3144,2011,,
,India,Australia,India,5 wickets,Ahmedabad,24-Mar-11,ODI # 3143,2011,,
,Pakistan,West Indies,Pakistan,10 wickets,Mirpur,23-Mar-11,ODI # 3142,2011,,
,India,West Indies,India,80 runs,Chennai,20-Mar-11,ODI # 3141,2011,,
,Kenya,Zimbabwe,Zimbabwe,161 runs,Eden Gardens,20-Mar-11,ODI # 3140,2011,,
,Australia,Pakistan,Pakistan,4 wickets,Colombo (RPS),19-Mar-11,ODI # 3139,2011,,
,Bangladesh,South Africa,South Africa,206 runs,Mirpur,19-Mar-11,ODI # 3138,2011,,
,New Zealand,Sri Lanka,Sri Lanka,112 runs,Wankhede,18-Mar-11,ODI # 3137,2011,,
,Ireland,Netherlands,Ireland,6 wickets,Eden Gardens,18-Mar-11,ODI # 3136,2011,,
,England,West Indies,England,18 runs,Chennai,17-Mar-11,ODI # 3135,2011,,
,Australia,Canada,Australia,7 wickets,Bengaluru,16-Mar-11,ODI # 3134,2011,,
,Ireland,South Africa,South Africa,131 runs,Eden Gardens,15-Mar-11,ODI # 3133,2011,,
,Pakistan,Zimbabwe,Pakistan,7 wickets,Pallekele,14-Mar-11,ODI # 3132,2011,,
,Bangladesh,Netherlands,Bangladesh,6 wickets,Chattogram,14-Mar-11,ODI # 3131,2011,,
,Australia,Kenya,Australia,60 runs,Bengaluru,13-Mar-11,ODI # 3130,2011,,
,Canada,New Zealand,New Zealand,97 runs,Wankhede,13-Mar-11,ODI # 3129,2011,,
,India,South Africa,South Africa,3 wickets,Nagpur,12-Mar-11,ODI # 3128,2011,,
,Bangladesh,England,Bangladesh,2 wickets,Chattogram,11-Mar-11,ODI # 3127,2011,,
,Ireland,West Indies,West Indies,44 runs,Mohali,11-Mar-11,ODI # 3126,2011,,
,Sri Lanka,Zimbabwe,Sri Lanka,139 runs,Pallekele,10-Mar-11,ODI # 3125,2011,,
,India,Netherlands,India,5 wickets,Delhi,9-Mar-11,ODI # 3124,2011,,
,New Zealand,Pakistan,New Zealand,110 runs,Pallekele,8-Mar-11,ODI # 3123,2011,,
,Canada,Kenya,Canada,5 wickets,Delhi,7-Mar-11,ODI # 3122,2011,,
,India,Ireland,India,5 wickets,Bengaluru,6-Mar-11,ODI # 3121,2011,,
,England,South Africa,England,6 runs,Chennai,6-Mar-11,ODI # 3120,2011,,
,Sri Lanka,Australia,no result,-,Colombo (RPS),5-Mar-11,ODI # 3119,2011,,
,Bangladesh,West Indies,West Indies,9 wickets,Mirpur,4-Mar-11,ODI # 3118,2011,,
,New Zealand,Zimbabwe,New Zealand,10 wickets,Ahmedabad,4-Mar-11,ODI # 3117,2011,,
,Canada,Pakistan,Pakistan,46 runs,Colombo (RPS),3-Mar-11,ODI # 3116,2011,,
,Netherlands,South Africa,South Africa,231 runs,Mohali,3-Mar-11,ODI # 3115,2011,,
,England,Ireland,Ireland,3 wickets,Bengaluru,2-Mar-11,ODI # 3114,2011,,
,Sri Lanka,Kenya,Sri Lanka,9 wickets,Colombo (RPS),1-Mar-11,ODI # 3113,2011,,
,Netherlands,West Indies,West Indies,215 runs,Delhi,28-Feb-11,ODI # 3112,2011,,
,Canada,Zimbabwe,Zimbabwe,175 runs,Nagpur,28-Feb-11,ODI # 3111,2011,,
,India,England,tied,-,Bengaluru,27-Feb-11,ODI # 3110,2011,,
,Sri Lanka,Pakistan,Pakistan,11 runs,Colombo (RPS),26-Feb-11,ODI # 3109,2011,,
,Bangladesh,Ireland,Bangladesh,27 runs,Mirpur,25-Feb-11,ODI # 3108,2011,,
,Australia,New Zealand,Australia,7 wickets,Nagpur,25-Feb-11,ODI # 3107,2011,,
,South Africa,West Indies,South Africa,7 wickets,Delhi,24-Feb-11,ODI # 3106,2011,,
,Kenya,Pakistan,Pakistan,205 runs,Hambantota,23-Feb-11,ODI # 3105,2011,,
,England,Netherlands,England,6 wickets,Nagpur,22-Feb-11,ODI # 3104,2011,,
,Australia,Zimbabwe,Australia,91 runs,Ahmedabad,21-Feb-11,ODI # 3103,2011,,
,Sri Lanka,Canada,Sri Lanka,210 runs,Hambantota,20-Feb-11,ODI # 3102,2011,,
,Kenya,New Zealand,New Zealand,10 wickets,Chennai,20-Feb-11,ODI # 3101,2011,,
,Bangladesh,India,India,87 runs,Mirpur,19-Feb-11,ODI # 3100,2011,,
,Australia,New Zealand,Australia,7 wickets,Melbourne,29-Mar-15,ODI # 3646,2015,,
,Australia,India,Australia,95 runs,Sydney,26-Mar-15,ODI # 3645,2015,,
,New Zealand,South Africa,New Zealand,4 wickets,Auckland,24-Mar-15,ODI # 3644,2015,,
,New Zealand,West Indies,New Zealand,143 runs,Wellington,21-Mar-15,ODI # 3643,2015,,
,Australia,Pakistan,Australia,6 wickets,Adelaide,20-Mar-15,ODI # 3642,2015,,
,Bangladesh,India,India,109 runs,Melbourne,19-Mar-15,ODI # 3641,2015,,
,South Africa,Sri Lanka,South Africa,9 wickets,Sydney,18-Mar-15,ODI # 3640,2015,,
,Ireland,Pakistan,Pakistan,7 wickets,Adelaide,15-Mar-15,ODI # 3639,2015,,
,U.A.E.,West Indies,West Indies,6 wickets,Napier,15-Mar-15,ODI # 3638,2015,,
,Australia,Scotland,Australia,7 wickets,Hobart,14-Mar-15,ODI # 3637,2015,,
,India,Zimbabwe,India,6 wickets,Auckland,14-Mar-15,ODI # 3636,2015,,
,Afghanistan,England,England,9 wickets,Sydney,13-Mar-15,ODI # 3635,2015,,
,New Zealand,Bangladesh,New Zealand,3 wickets,Hamilton,13-Mar-15,ODI # 3634,2015,,
,South Africa,U.A.E.,South Africa,146 runs,Wellington,12-Mar-15,ODI # 3633,2015,,
,Scotland,Sri Lanka,Sri Lanka,148 runs,Hobart,11-Mar-15,ODI # 3632,2015,,
,India,Ireland,India,8 wickets,Hamilton,10-Mar-15,ODI # 3631,2015,,
,Bangladesh,England,Bangladesh,15 runs,Adelaide,9-Mar-15,ODI # 3630,2015,,
,Australia,Sri Lanka,Australia,64 runs,Sydney,8-Mar-15,ODI # 3629,2015,,
,New Zealand,Afghanistan,New Zealand,6 wickets,Napier,8-Mar-15,ODI # 3628,2015,,
,Ireland,Zimbabwe,Ireland,5 runs,Hobart,7-Mar-15,ODI # 3627,2015,,
,Pakistan,South Africa,Pakistan,29 runs,Auckland,7-Mar-15,ODI # 3626,2015,,
,India,West Indies,India,4 wickets,Perth,6-Mar-15,ODI # 3625,2015,,
,Bangladesh,Scotland,Bangladesh,6 wickets,Nelson,5-Mar-15,ODI # 3624,2015,,
,Australia,Afghanistan,Australia,275 runs,Perth,4-Mar-15,ODI # 3623,2015,,
,Pakistan,U.A.E.,Pakistan,129 runs,Napier,4-Mar-15,ODI # 3622,2015,,
,Ireland,South Africa,South Africa,201 runs,Canberra,3-Mar-15,ODI # 3621,2015,,
,Pakistan,Zimbabwe,Pakistan,20 runs,Brisbane,1-Mar-15,ODI # 3620,2015,,
,England,Sri Lanka,Sri Lanka,9 wickets,Wellington,1-Mar-15,ODI # 3619,2015,,
,India,U.A.E.,India,9 wickets,Perth,28-Feb-15,ODI # 3618,2015,,
,New Zealand,Australia,New Zealand,1 wicket,Auckland,28-Feb-15,ODI # 3617,2015,,
,South Africa,West Indies,South Africa,257 runs,Sydney,27-Feb-15,ODI # 3616,2015,,
,Bangladesh,Sri Lanka,Sri Lanka,92 runs,Melbourne,26-Feb-15,ODI # 3615,2015,,
,Afghanistan,Scotland,Afghanistan,1 wicket,Dunedin,26-Feb-15,ODI # 3614,2015,,
,Ireland,U.A.E.,Ireland,2 wickets,Brisbane,25-Feb-15,ODI # 3613,2015,,
,West Indies,Zimbabwe,West Indies,73 runs,Canberra,24-Feb-15,ODI # 3612,2015,,
,England,Scotland,England,119 runs,Christchurch,23-Feb-15,ODI # 3611,2015,,
,India,South Africa,India,130 runs,Melbourne,22-Feb-15,ODI # 3610,2015,,
,Afghanistan,Sri Lanka,Sri Lanka,4 wickets,Dunedin,22-Feb-15,ODI # 3609,2015,,
,Pakistan,West Indies,West Indies,150 runs,Christchurch,21-Feb-15,ODI # 3608,2015,,
,New Zealand,England,New Zealand,8 wickets,Wellington,20-Feb-15,ODI # 3607,2015,,
,U.A.E.,Zimbabwe,Zimbabwe,4 wickets,Nelson,19-Feb-15,ODI # 3606,2015,,
,Afghanistan,Bangladesh,Bangladesh,105 runs,Canberra,18-Feb-15,ODI # 3605,2015,,
,New Zealand,Scotland,New Zealand,3 wickets,Dunedin,17-Feb-15,ODI # 3604,2015,,
,Ireland,West Indies,Ireland,4 wickets,Nelson,16-Feb-15,ODI # 3603,2015,,
,India,Pakistan,India,76 runs,Adelaide,15-Feb-15,ODI # 3602,2015,,
,South Africa,Zimbabwe,South Africa,62 runs,Hamilton,15-Feb-15,ODI # 3601,2015,,
,Australia,England,Australia,111 runs,Melbourne,14-Feb-15,ODI # 3600,2015,,
,New Zealand,Sri Lanka,New Zealand,98 runs,Christchurch,14-Feb-15,ODI # 3599,2015,,
,England,New Zealand,tied,-,Lord's,14-Jul-19,ODI # 4192,2019,,
,England,Australia,England,8 wickets,Birmingham,11-Jul-19,ODI # 4191,2019,,
,India,New Zealand,New Zealand,18 runs,Manchester,"Jul 9-10, 2019",ODI # 4190,2019,,
,Australia,South Africa,South Africa,10 runs,Manchester,6-Jul-19,ODI # 4188,2019,,
,India,Sri Lanka,India,7 wickets,Leeds,6-Jul-19,ODI # 4187,2019,,
,Bangladesh,Pakistan,Pakistan,94 runs,Lord's,5-Jul-19,ODI # 4186,2019,,
,Afghanistan,West Indies,West Indies,23 runs,Leeds,4-Jul-19,ODI # 4184,2019,,
,England,New Zealand,England,119 runs,Chester-le-Street,3-Jul-19,ODI # 4183,2019,,
,Bangladesh,India,India,28 runs,Birmingham,2-Jul-19,ODI # 4182,2019,,
,Sri Lanka,West Indies,Sri Lanka,23 runs,Chester-le-Street,1-Jul-19,ODI # 4180,2019,,
,England,India,England,31 runs,Birmingham,30-Jun-19,ODI # 4179,2019,,
,Australia,New Zealand,Australia,86 runs,Lord's,29-Jun-19,ODI # 4178,2019,,
,Afghanistan,Pakistan,Pakistan,3 wickets,Leeds,29-Jun-19,ODI # 4177,2019,,
,South Africa,Sri Lanka,South Africa,9 wickets,Chester-le-Street,28-Jun-19,ODI # 4176,2019,,
,India,West Indies,India,125 runs,Manchester,27-Jun-19,ODI # 4175,2019,,
,New Zealand,Pakistan,Pakistan,6 wickets,Birmingham,26-Jun-19,ODI # 4174,2019,,
,England,Australia,Australia,64 runs,Lord's,25-Jun-19,ODI # 4173,2019,,
,Afghanistan,Bangladesh,Bangladesh,62 runs,Southampton,24-Jun-19,ODI # 4172,2019,,
,Pakistan,South Africa,Pakistan,49 runs,Lord's,23-Jun-19,ODI # 4171,2019,,
,New Zealand,West Indies,New Zealand,5 runs,Manchester,22-Jun-19,ODI # 4170,2019,,
,Afghanistan,India,India,11 runs,Southampton,22-Jun-19,ODI # 4169,2019,,
,England,Sri Lanka,Sri Lanka,20 runs,Leeds,21-Jun-19,ODI # 4168,2019,,
,Australia,Bangladesh,Australia,48 runs,Nottingham,20-Jun-19,ODI # 4166,2019,,
,New Zealand,South Africa,New Zealand,4 wickets,Birmingham,19-Jun-19,ODI # 4165,2019,,
,England,Afghanistan,England,150 runs,Manchester,18-Jun-19,ODI # 4163,2019,,
,Bangladesh,West Indies,Bangladesh,7 wickets,Taunton,17-Jun-19,ODI # 4162,2019,,
,India,Pakistan,India,89 runs,Manchester,16-Jun-19,ODI # 4161,2019,,
,Afghanistan,South Africa,South Africa,9 wickets,Cardiff,15-Jun-19,ODI # 4160,2019,,
,Australia,Sri Lanka,Australia,87 runs,The Oval,15-Jun-19,ODI # 4159,2019,,
,England,West Indies,England,8 wickets,Southampton,14-Jun-19,ODI # 4158,2019,,
,Australia,Pakistan,Australia,41 runs,Taunton,12-Jun-19,ODI # 4157,2019,,
,South Africa,West Indies,no result,-,Southampton,10-Jun-19,ODI # 4156,2019,,
,Australia,India,India,36 runs,The Oval,9-Jun-19,ODI # 4155,2019,,
,Afghanistan,New Zealand,New Zealand,7 wickets,Taunton,8-Jun-19,ODI # 4154,2019,,
,England,Bangladesh,England,106 runs,Cardiff,8-Jun-19,ODI # 4153,2019,,
,Australia,West Indies,Australia,15 runs,Nottingham,6-Jun-19,ODI # 4152,2019,,
,Bangladesh,New Zealand,New Zealand,2 wickets,The Oval,5-Jun-19,ODI # 4151,2019,,
,India,South Africa,India,6 wickets,Southampton,5-Jun-19,ODI # 4150,2019,,
,Afghanistan,Sri Lanka,Sri Lanka,34 runs,Cardiff,4-Jun-19,ODI # 4149,2019,,
,England,Pakistan,Pakistan,14 runs,Nottingham,3-Jun-19,ODI # 4148,2019,,
,Bangladesh,South Africa,Bangladesh,21 runs,The Oval,2-Jun-19,ODI # 4147,2019,,
,Afghanistan,Australia,Australia,7 wickets,Bristol,1-Jun-19,ODI # 4146,2019,,
,New Zealand,Sri Lanka,New Zealand,10 wickets,Cardiff,1-Jun-19,ODI # 4145,2019,,
,Pakistan,West Indies,West Indies,7 wickets,Nottingham,31-May-19,ODI # 4144,2019,,
,England,South Africa,England,104 runs,The Oval,30-May-19,ODI # 4143,2019,,
,India,Australia,Australia,6 wickets,Ahmedabad,19-Nov-23,ODI # 4705,2023,,
,Australia,South Africa,Australia,3 wickets,Eden Gardens,16-Nov-23,ODI # 4704,2023,,
,India,New Zealand,India,70 runs,Wankhede,15-Nov-23,ODI # 4703,2023,,
,India,Netherlands,India,160 runs,Bengaluru,12-Nov-23,ODI # 4702,2023,,
,England,Pakistan,England,93 runs,Eden Gardens,11-Nov-23,ODI # 4701,2023,,
,Australia,Bangladesh,Australia,8 wickets,Pune,11-Nov-23,ODI # 4700,2023,,
,Afghanistan,South Africa,South Africa,5 wickets,Ahmedabad,10-Nov-23,ODI # 4699,2023,,
,New Zealand,Sri Lanka,New Zealand,5 wickets,Bengaluru,9-Nov-23,ODI # 4698,2023,,
,England,Netherlands,England,160 runs,Pune,8-Nov-23,ODI # 4697,2023,,
,Afghanistan,Australia,Australia,3 wickets,Wankhede,7-Nov-23,ODI # 4696,2023,,
,Bangladesh,Sri Lanka,Bangladesh,3 wickets,Delhi,6-Nov-23,ODI # 4695,2023,,
,India,South Africa,India,243 runs,Eden Gardens,5-Nov-23,ODI # 4694,2023,,
,Australia,England,Australia,33 runs,Ahmedabad,4-Nov-23,ODI # 4693,2023,,
,New Zealand,Pakistan,Pakistan,21 runs,Bengaluru,4-Nov-23,ODI # 4692,2023,,
,Afghanistan,Netherlands,Afghanistan,7 wickets,Lucknow,3-Nov-23,ODI # 4691,2023,,
,India,Sri Lanka,India,302 runs,Wankhede,2-Nov-23,ODI # 4690,2023,,
,New Zealand,South Africa,South Africa,190 runs,Pune,1-Nov-23,ODI # 4689,2023,,
,Bangladesh,Pakistan,Pakistan,7 wickets,Eden Gardens,31-Oct-23,ODI # 4688,2023,,
,Afghanistan,Sri Lanka,Afghanistan,7 wickets,Pune,30-Oct-23,ODI # 4687,2023,,
,India,England,India,100 runs,Lucknow,29-Oct-23,ODI # 4686,2023,,
,Bangladesh,Netherlands,Netherlands,87 runs,Eden Gardens,28-Oct-23,ODI # 4685,2023,,
,Australia,New Zealand,Australia,5 runs,Dharamsala,28-Oct-23,ODI # 4684,2023,,
,Pakistan,South Africa,South Africa,1 wicket,Chennai,27-Oct-23,ODI # 4683,2023,,
,England,Sri Lanka,Sri Lanka,8 wickets,Bengaluru,26-Oct-23,ODI # 4682,2023,,
,Australia,Netherlands,Australia,309 runs,Delhi,25-Oct-23,ODI # 4681,2023,,
,Bangladesh,South Africa,South Africa,149 runs,Wankhede,24-Oct-23,ODI # 4680,2023,,
,Afghanistan,Pakistan,Afghanistan,8 wickets,Chennai,23-Oct-23,ODI # 4679,2023,,
,India,New Zealand,India,4 wickets,Dharamsala,22-Oct-23,ODI # 4678,2023,,
,England,South Africa,South Africa,229 runs,Wankhede,21-Oct-23,ODI # 4677,2023,,
,Netherlands,Sri Lanka,Sri Lanka,5 wickets,Lucknow,21-Oct-23,ODI # 4676,2023,,
,Australia,Pakistan,Australia,62 runs,Bengaluru,20-Oct-23,ODI # 4675,2023,,
,India,Bangladesh,India,7 wickets,Pune,19-Oct-23,ODI # 4674,2023,,
,Afghanistan,New Zealand,New Zealand,149 runs,Chennai,18-Oct-23,ODI # 4673,2023,,
,Netherlands,South Africa,Netherlands,38 runs,Dharamsala,17-Oct-23,ODI # 4672,2023,,
,Australia,Sri Lanka,Australia,5 wickets,Lucknow,16-Oct-23,ODI # 4671,2023,,
,Afghanistan,England,Afghanistan,69 runs,Delhi,15-Oct-23,ODI # 4670,2023,,
,India,Pakistan,India,7 wickets,Ahmedabad,14-Oct-23,ODI # 4669,2023,,
,Bangladesh,New Zealand,New Zealand,8 wickets,Chennai,13-Oct-23,ODI # 4668,2023,,
,Australia,South Africa,South Africa,134 runs,Lucknow,12-Oct-23,ODI # 4667,2023,,
,India,Afghanistan,India,8 wickets,Delhi,11-Oct-23,ODI # 4666,2023,,
,Pakistan,Sri Lanka,Pakistan,6 wickets,Hyderabad,10-Oct-23,ODI # 4665,2023,,
,Bangladesh,England,England,137 runs,Dharamsala,10-Oct-23,ODI # 4664,2023,,
,Netherlands,New Zealand,New Zealand,99 runs,Hyderabad,9-Oct-23,ODI # 4663,2023,,
,India,Australia,India,6 wickets,Chennai,8-Oct-23,ODI # 4662,2023,,
,South Africa,Sri Lanka,South Africa,102 runs,Delhi,7-Oct-23,ODI # 4661,2023,,
,Afghanistan,Bangladesh,Bangladesh,6 wickets,Dharamsala,7-Oct-23,ODI # 4660,2023,,
,Netherlands,Pakistan,Pakistan,81 runs,Hyderabad,6-Oct-23,ODI # 4659,2023,,
,England,New Zealand,New Zealand,9 wickets,Ahmedabad,5-Oct-23,ODI # 4658,2023,,