Round,Day,Date,Time,Home,Score,Away,Attendance,Venue,Referee,Match Report,Year
Group stage,Sat,11/16/91,20:45 (07:45),China PR cn,4–0,no Norway,"65,000",Tianhe Stadium (Neutral Site),Salvador Imperatore Marcone,Match Report,1991
Group stage,Sun,11/17/91,15:30 (02:30),Germany de,4–0,ng Nigeria,"14,000",Jiangmen Stadium (Neutral Site),Rafael Rodriguez,Match Report,1991
Group stage,Sun,11/17/91,19:45 (06:45),Japan jp,0–1,br Brazil,"14,000",New Plaza Stadium (Neutral Site),Lu Jun,Match Report,1991
Group stage,Sun,11/17/91,19:45 (06:45),Chinese Taipei tw,0–5,it Italy,"11,000",Jiangmen Stadium (Neutral Site),Fathi Boucetta,Match Report,1991
Group stage,Sun,11/17/91,19:45 (06:45),Denmark dk,3–0,nz New Zealand,"14,000",Tianhe Stadium (Neutral Site),Omer Yengo,Match Report,1991
Group stage,Sun,11/17/91,19:45 (06:45),Sweden se,2–3,us USA,"14,000",Ying Dong Stadium (Neutral Site),John Toro Rendón,Match Report,1991
Group stage,Tue,11/19/91,15:30 (02:30),Norway no,4–0,nz New Zealand,"12,000",Guangdong Provincial Stadium (Neutral Site),Salvador Imperatore Marcone,Match Report,1991
Group stage,Tue,11/19/91,15:30 (02:30),Italy it,1–0,ng Nigeria,"12,000",Zhongshan Stadium (Neutral Site),Jim McCluskey,Match Report,1991
Group stage,Tue,11/19/91,19:45 (06:45),China PR cn,2–2,dk Denmark,"27,000",Guangdong Provincial Stadium (Neutral Site),Vassilios Nikakis,Match Report,1991
Group stage,Tue,11/19/91,19:45 (06:45),Brazil br,0–5,us USA,"15,500",Ying Dong Stadium (Neutral Site),Vadim Zhuk,Match Report,1991
Group stage,Tue,11/19/91,19:45 (06:45),Japan jp,0–8,se Sweden,"14,000",New Plaza Stadium (Neutral Site),Gyanu Shrestha,Match Report,1991
Group stage,Tue,11/19/91,19:45 (06:45),Chinese Taipei tw,0–3,de Germany,"10,000",Zhongshan Stadium (Neutral Site),Fathi Boucetta,Match Report,1991
Group stage,Thu,11/21/91,15:30 (02:30),Japan jp,0–3,us USA,"14,000",New Plaza Stadium (Neutral Site),John Toro Rendón,Match Report,1991
Group stage,Thu,11/21/91,15:30 (02:30),Brazil br,0–2,se Sweden,"12,000",Ying Dong Stadium (Neutral Site),Lu Jun,Match Report,1991
Group stage,Thu,11/21/91,19:45 (06:45),Chinese Taipei tw,2–0,ng Nigeria,"14,000",Jiangmen Stadium (Neutral Site),Rafael Rodriguez,Match Report,1991
Group stage,Thu,11/21/91,19:45 (06:45),China PR cn,4–1,nz New Zealand,"14,000",New Plaza Stadium (Neutral Site),Gyanu Shrestha,Match Report,1991
Group stage,Thu,11/21/91,19:45 (06:45),Norway no,2–1,dk Denmark,"15,500",Ying Dong Stadium (Neutral Site),Vadim Zhuk,Match Report,1991
Group stage,Thu,11/21/91,19:45 (06:45),Italy it,0–2,de Germany,"12,000",Zhongshan Stadium (Neutral Site),Jim McCluskey,Match Report,1991
Quarter-finals,Sun,11/24/91,15:30 (02:30),Germany de,2–1,dk Denmark,"12,000",Zhongshan Stadium (Neutral Site),Vassilios Nikakis,Match Report,1991
Quarter-finals,Sun,11/24/91,19:45 (06:45),Norway no,3–2,it Italy,"13,000",Jiangmen Stadium (Neutral Site),Rafael Rodriguez,Match Report,1991
Quarter-finals,Sun,11/24/91,19:45 (06:45),USA us,7–0,tw Chinese Taipei,"12,000",New Plaza Stadium (Neutral Site),Omer Yengo,Match Report,1991
Quarter-finals,Sun,11/24/91,19:45 (06:45),China PR cn,0–1,se Sweden,"55,000",Tianhe Stadium (Neutral Site),John Toro Rendón,Match Report,1991
Semi-finals,Wed,11/27/91,15:30 (02:30),Sweden se,1–4,no Norway,"16,000",Ying Dong Stadium (Neutral Site),Jim McCluskey,Match Report,1991
Semi-finals,Wed,11/27/91,19:45 (06:45),USA us,5–2,de Germany,"20,000",Guangdong Provincial Stadium (Neutral Site),Salvador Imperatore Marcone,Match Report,1991
Third-place match,Fri,11/29/91,19:45 (06:45),Sweden se,4–0,de Germany,"20,000",Guangdong Provincial Stadium (Neutral Site),Cláudia Vasconcelos,Match Report,1991
Final,Sat,11/30/91,19:45 (06:45),USA us,2–1,no Norway,"63,000",Tianhe Stadium (Neutral Site),Vadim Zhuk,Match Report,1991
Group stage,Mon,6/5/95,14:00 (08:00),Sweden se,0–1,br Brazil,"14,500",Olympia Stadion (Neutral Site),Sonia Denoncourt,Match Report,1995
Group stage,Mon,6/5/95,18:00 (12:00),Germany de,1–0,jp Japan,"3,824",Tingvallen (Neutral Site),Petros Mathabela,Match Report,1995
Group stage,Tue,6/6/95,19:00 (13:00),USA us,3–3,cn China PR,"4,635",Stromvallen (Neutral Site),Ingrid Jonsson,Match Report,1995
Group stage,Tue,6/6/95,19:00 (13:00),England eng,3–2,ca Canada,655,Olympia Stadion (Neutral Site),Eva Oedlund,Match Report,1995
Group stage,Tue,6/6/95,19:00 (13:00),Norway no,8–0,ng Nigeria,"4,344",Tingvallen (Neutral Site),Alain Hamer,Match Report,1995
Group stage,Tue,6/6/95,19:00 (13:00),Denmark dk,5–0,au Australia,"1,500",Arosvallen (Neutral Site),Bente Skogvang,Match Report,1995
Group stage,Wed,6/7/95,19:00 (13:00),Brazil br,1–2,jp Japan,"2,286",Tingvallen (Neutral Site),Catherine Leann Hepburn,Match Report,1995
Group stage,Wed,6/7/95,19:00 (13:00),Sweden se,3–2,de Germany,"5,855",Olympia Stadion (Neutral Site),Linda May Black,Match Report,1995
Group stage,Thu,6/8/95,19:00 (13:00),Nigeria ng,3–3,ca Canada,250,Olympia Stadion (Neutral Site),Pirom Anprasert,Match Report,1995
Group stage,Thu,6/8/95,19:00 (13:00),Norway no,2–0,eng England,"5,520",Tingvallen (Neutral Site),Eduardo Gamboa Martinez,Match Report,1995
Group stage,Thu,6/8/95,19:00 (13:00),China PR cn,4–2,au Australia,"1,500",Arosvallen (Neutral Site),Maria Siqueira,Match Report,1995
Group stage,Thu,6/8/95,19:00 (13:00),USA us,2–0,dk Denmark,"2,740",Stromvallen (Neutral Site),Mamadouba Engage Camara,Match Report,1995
Group stage,Fri,6/9/95,19:00 (13:00),Brazil br,1–6,de Germany,"3,203",Tingvallen (Neutral Site),Alain Hamer,Match Report,1995
Group stage,Fri,6/9/95,19:00 (13:00),Sweden se,2–0,jp Japan,"7,811",Arosvallen (Neutral Site),Petros Mathabela,Match Report,1995
Group stage,Sat,6/10/95,16:00 (10:00),Nigeria ng,2–3,eng England,"1,843",Tingvallen (Neutral Site),Ingrid Jonsson,Match Report,1995
Group stage,Sat,6/10/95,16:00 (10:00),Norway no,7–0,ca Canada,"2,715",Stromvallen (Neutral Site),Maria Siqueira,Match Report,1995
Group stage,Sat,6/10/95,19:00 (13:00),USA us,4–1,au Australia,"1,150",Olympia Stadion (Neutral Site),Pirom Anprasert,Match Report,1995
Group stage,Sat,6/10/95,19:00 (13:00),China PR cn,3–1,dk Denmark,"1,619",Arosvallen (Neutral Site),Eduardo Gamboa Martinez,Match Report,1995
Quarter-finals,Tue,6/13/95,17:15 (11:15),USA us,4–0,jp Japan,"3,756",Stromvallen (Neutral Site),Eduardo Gamboa Martinez,Match Report,1995
Quarter-finals,Tue,6/13/95,17:15 (11:15),Norway no,3–1,dk Denmark,"4,655",Tingvallen (Neutral Site),Pirom Anprasert,Match Report,1995
Quarter-finals,Tue,6/13/95,20:15 (14:15),Germany de,3–0,eng England,"2,317",Arosvallen (Neutral Site),Bente Skogvang,Match Report,1995
Quarter-finals,Tue,6/13/95,20:15 (14:15),Sweden se,(3) 1–1 (4),cn China PR,"7,537",Olympia Stadion (Neutral Site),Sonia Denoncourt,Match Report,1995
Semi-finals,Thu,6/15/95,17:15 (11:15),USA us,0–1,no Norway,"2,893",Arosvallen (Neutral Site),Alain Hamer,Match Report,1995
Semi-finals,Thu,6/15/95,20:15 (14:15),Germany de,1–0,cn China PR,"3,693",Olympia Stadion (Neutral Site),Petros Mathabela,Match Report,1995
Third-place match,Sat,6/17/95,16:00 (10:00),China PR cn,0–2,us USA,"4,335",Stromvallen (Neutral Site),Sonia Denoncourt,Match Report,1995
Final,Sun,6/18/95,18:00 (12:00),Germany de,0–2,no Norway,"17,158",Rasunda Stadium (Neutral Site),Ingrid Jonsson,Match Report,1995
Group stage,Sat,6/19/99,15:00,Denmark dk,0–3,us USA,"78,972",Giants Stadium (Neutral Site),Sonia Denoncourt,Match Report,1999
Group stage,Sat,6/19/99,17:30,Brazil br,7–1,mx Mexico,"78,972",Giants Stadium (Neutral Site),Nicole Petignat,Match Report,1999
Group stage,Sun,6/20/99,16:00 (19:00),Italy it,1–1,de Germany,"17,100",Rose Bowl (Neutral Site),Bola Abidoye,Match Report,1999
Group stage,Sun,6/20/99,16:00,Russia ru,1–2,no Norway,"14,873",Foxboro Stadium (Neutral Site),Xiudi Zuo,Match Report,1999
Group stage,Sat,6/19/99,17:00 (20:00),Sweden se,1–2,cn China PR,"23,298",Spartan Stadium (Neutral Site),Virginia Tovar,Match Report,1999
Group stage,Sun,6/20/99,19:30,Australia au,1–1,gh Ghana,"14,867",Foxboro Stadium (Neutral Site),Kari Seitz,Match Report,1999
Group stage,Sat,6/19/99,20:00 (23:00),Japan jp,1–1,ca Canada,"23,298",Spartan Stadium (Neutral Site),Maria Siqueira,Match Report,1999
Group stage,Sun,6/20/99,18:30 (21:30),Korea DPR kp,1–2,ng Nigeria,"17,100",Rose Bowl (Neutral Site),Katriina Elovirta,Match Report,1999
Group stage,Wed,6/23/99,18:00,Norway no,7–1,ca Canada,"16,448",Jack Kent Cooke Stadium (Neutral Site),Tammy Ogston,Match Report,1999
Group stage,Thu,6/24/99,17:00 (18:00),Brazil br,2–0,it Italy,"65,080",Soldier Field (Neutral Site),Gitte Nielsen,Match Report,1999
Group stage,Wed,6/23/99,18:00 (21:00),Japan jp,0–5,ru Russia,"17,668",Civic Stadium (Neutral Site),Sandra Hunt,Match Report,1999
Group stage,Wed,6/23/99,20:30 (23:30),China PR cn,7–0,gh Ghana,"17,668",Civic Stadium (Neutral Site),Elke Guenthner,Match Report,1999
Group stage,Wed,6/23/99,20:30,Australia au,1–3,se Sweden,"16,448",Jack Kent Cooke Stadium (Neutral Site),Fatou Gaye,Match Report,1999
Group stage,Thu,6/24/99,18:00 (21:00),Korea DPR kp,3–1,dk Denmark,"20,129",Civic Stadium (Neutral Site),Martha Toro,Match Report,1999
Group stage,Thu,6/24/99,19:00 (20:00),USA us,7–1,ng Nigeria,"65,080",Soldier Field (Neutral Site),Nicole Petignat,Match Report,1999
Group stage,Thu,6/24/99,20:30 (23:30),Germany de,6–0,mx Mexico,"20,129",Civic Stadium (Neutral Site),Im Eun-ju,Match Report,1999
Group stage,Sat,6/26/99,12:00,Canada ca,1–4,ru Russia,"29,401",Giants Stadium (Neutral Site),Xiudi Zuo,Match Report,1999
Group stage,Sat,6/26/99,14:30,China PR cn,3–1,au Australia,"29,401",Giants Stadium (Neutral Site),Sandra Hunt,Match Report,1999
Group stage,Sat,6/26/99,16:00 (17:00),Ghana gh,0–2,se Sweden,"34,256",Soldier Field (Neutral Site),Sonia Denoncourt,Match Report,1999
Group stage,Sat,6/26/99,18:30 (19:30),Norway no,4–0,jp Japan,"34,256",Soldier Field (Neutral Site),Marisela Contreras,Match Report,1999
Group stage,Sun,6/27/99,13:30,Germany de,3–3,br Brazil,"22,109",Jack Kent Cooke Stadium (Neutral Site),Im Eun-ju,Match Report,1999
Group stage,Sun,6/27/99,16:00,Nigeria ng,2–0,dk Denmark,"22,109",Jack Kent Cooke Stadium (Neutral Site),Maria Siqueira,Match Report,1999
Group stage,Sun,6/27/99,16:30,Mexico mx,0–2,it Italy,"50,484",Foxboro Stadium (Neutral Site),Bola Abidoye,Match Report,1999
Group stage,Sun,6/27/99,19:00,USA us,3–0,kp Korea DPR,"50,484",Foxboro Stadium (Neutral Site),Katriina Elovirta,Match Report,1999
Quarter-finals,Wed,6/30/99,17:00 (20:00),China PR cn,2–0,ru Russia,"21,411",Spartan Stadium (Neutral Site),Nicole Petignat,Match Report,1999
Quarter-finals,Thu,7/1/99,19:00,USA us,3–2,de Germany,"54,642",Jack Kent Cooke Stadium (Neutral Site),Martha Toro,Match Report,1999
Quarter-finals,Wed,6/30/99,19:30 (22:30),Norway no,3–1,se Sweden,"21,411",Spartan Stadium (Neutral Site),Im Eun-ju,Match Report,1999
Quarter-finals,Thu,7/1/99,21:30,Brazil br,4–3,ng Nigeria,"54,642",Jack Kent Cooke Stadium (Neutral Site),Virginia Tovar,Match Report,1999
Semi-finals,Sun,7/4/99,13:30 (16:30),USA us,2–0,br Brazil,"73,123",Stanford Stadium (Neutral Site),Katriina Elovirta,Match Report,1999
Semi-finals,Sun,7/4/99,19:30,Norway no,0–5,cn China PR,"28,986",Foxboro Stadium (Neutral Site),Sonia Denoncourt,Match Report,1999
Third-place match,Sat,7/10/99,10:15 (13:15),Norway no,(4) 0–0 (5),br Brazil,"90,185",Rose Bowl (Neutral Site),Im Eun-ju,Match Report,1999
Final,Sat,7/10/99,12:50 (15:50),USA us,(5) 0–0 (4),cn China PR,"90,185",Rose Bowl (Neutral Site),Nicole Petignat,Match Report,1999
Group stage,Sat,9/20/03,12:00,Norway no,2–0,fr France,"13,486",Lincoln Financial Field (Neutral Site),Kari Seitz,Match Report,2003
Group stage,Sat,9/20/03,14:45,Nigeria ng,0–3,kp Korea DPR,"24,347",Lincoln Financial Field (Neutral Site),Nicole Petignat,Match Report,2003
Group stage,Sat,9/20/03,17:45,Germany de,4–1,ca Canada,"16,340",Columbus Crew Stadium (Neutral Site),Im Eun-ju,Match Report,2003
Group stage,Sun,9/21/03,12:30,USA us,3–1,se Sweden,"35,000",Robert F. Kennedy Memorial Stadium (Neutral Site),Dongqing Zhang,Match Report,2003
Group stage,Sun,9/21/03,15:15,Brazil br,3–0,kr Korea Rep,"34,144",Robert F. Kennedy Memorial Stadium (Neutral Site),Tammy Ogston,Match Report,2003
Group stage,Sat,9/20/03,20:30,Japan jp,6–0,ar Argentina,"16,404",Columbus Crew Stadium (Neutral Site),Katriina Elovirta,Match Report,2003
Group stage,Sun,9/21/03,17:30 (20:30),Australia au,1–2,ru Russia,"8,500",The Home Depot Center (Neutral Site),Bola Abidoye,Match Report,2003
Group stage,Sun,9/21/03,20:15 (23:15),China PR cn,1–0,gh Ghana,"10,027",The Home Depot Center (Neutral Site),Sonia Denoncourt,Match Report,2003
Group stage,Wed,9/24/03,17:00,Norway no,1–4,br Brazil,"15,490",Robert F. Kennedy Memorial Stadium (Neutral Site),Xonam Agboyi,Match Report,2003
Group stage,Wed,9/24/03,17:45,Germany de,3–0,jp Japan,"15,490",Columbus Crew Stadium (Neutral Site),Sueli Tortura,Match Report,2003
Group stage,Wed,9/24/03,19:45,France fr,1–0,kr Korea Rep,"16,316",Robert F. Kennedy Memorial Stadium (Neutral Site),Dongqing Zhang,Match Report,2003
Group stage,Thu,9/25/03,16:15 (19:15),Ghana gh,0–3,ru Russia,"13,929",The Home Depot Center (Neutral Site),Kari Seitz,Match Report,2003
Group stage,Thu,9/25/03,16:45,Sweden se,1–0,kp Korea DPR,"31,553",Lincoln Financial Field (Neutral Site),Tammy Ogston,Match Report,2003
Group stage,Thu,9/25/03,19:30,USA us,5–0,ng Nigeria,"31,553",Lincoln Financial Field (Neutral Site),Florencia Romano,Match Report,2003
Group stage,Wed,9/24/03,20:30,Canada ca,3–0,ar Argentina,"15,529",Columbus Crew Stadium (Neutral Site),Nicole Petignat,Match Report,2003
Group stage,Thu,9/25/03,19:00 (22:00),China PR cn,1–1,au Australia,"13,929",The Home Depot Center (Neutral Site),Katriina Elovirta,Match Report,2003
Group stage,Sat,9/27/03,12:45,Korea Rep kr,1–7,no Norway,"14,356",Gillette Stadium (Neutral Site),Tammy Ogston,Match Report,2003
Group stage,Sat,9/27/03,12:45,France fr,1–1,br Brazil,"17,618",Robert F. Kennedy Memorial Stadium (Neutral Site),Cristina Babadac,Match Report,2003
Group stage,Sat,9/27/03,15:30,Canada ca,3–1,jp Japan,"14,356",Gillette Stadium (Neutral Site),Im Eun-ju,Match Report,2003
Group stage,Sat,9/27/03,15:30,Argentina ar,1–6,de Germany,"17,618",Robert F. Kennedy Memorial Stadium (Neutral Site),Bola Abidoye,Match Report,2003
Group stage,Sun,9/28/03,13:00,Sweden se,3–0,ng Nigeria,"22,828",Columbus Crew Stadium (Neutral Site),Sonia Denoncourt,Match Report,2003
Group stage,Sun,9/28/03,15:45,Korea DPR kp,0–3,us USA,"22,828",Columbus Crew Stadium (Neutral Site),Sueli Tortura,Match Report,2003
Group stage,Sun,9/28/03,17:15 (20:15),Ghana gh,2–1,au Australia,"19,132",PGE Park (Neutral Site),Xonam Agboyi,Match Report,2003
Group stage,Sun,9/28/03,20:00 (23:00),China PR cn,1–0,ru Russia,"19,132",PGE Park (Neutral Site),Florencia Romano,Match Report,2003
Round,Day,Date,Time,Home,Score,Away,Attendance,Venue,Referee,Match Report,2003
Quarter-finals,Wed,10/1/03,16:30,Brazil br,1–2,se Sweden,"25,103",Gillette Stadium (Neutral Site),Dongqing Zhang,Match Report,2003
Quarter-finals,Wed,10/1/03,19:30,USA us,1–0,no Norway,"25,103",Gillette Stadium (Neutral Site),Nicole Petignat,Match Report,2003
Quarter-finals,Thu,10/2/03,16:30 (19:30),Germany de,7–1,ru Russia,"20,021",PGE Park (Neutral Site),Im Eun-ju,Match Report,2003
Quarter-finals,Thu,10/2/03,19:30 (22:30),China PR cn,0–1,ca Canada,"20,021",PGE Park (Neutral Site),Kari Seitz,Match Report,2003
Semi-finals,Sun,10/5/03,16:30 (19:30),Germany de,3–0,us USA,"27,623",PGE Park (Neutral Site),Sonia Denoncourt,Match Report,2003
Semi-finals,Sun,10/5/03,19:30 (22:30),Canada ca,1–2,se Sweden,"27,623",PGE Park (Neutral Site),Katriina Elovirta,Match Report,2003
Third-place match,Sat,10/11/03,12:30 (15:30),USA us,3–1,ca Canada,"25,253",The Home Depot Center (Neutral Site),Tammy Ogston,Match Report,2003
Final,Sun,10/12/03,10:00 (13:00),Germany de,2–1,se Sweden,"26,137",The Home Depot Center (Neutral Site),Cristina Babadac,Match Report,2003
Group stage,Mon,9/10/07,20:00 (08:00),Germany de,11–0 ,ar Argentina,"28,098",Hongkou Stadium (Neutral Site),Tammy Ogston,Match Report,2007
Group stage,Tue,9/11/07,17:00 (05:00),USA us,2–2,kp Korea DPR,"35,100",Chengdu Sports Center (Neutral Site),Nicole Petignat,Match Report,2007
Group stage,Tue,9/11/07,20:00 (08:00),England eng,2–2,jp Japan,"27,146",Hongkou Stadium (Neutral Site),Kari Seitz,Match Report,2007
Group stage,Tue,9/11/07,20:00 (08:00),Sweden se,1–1,ng Nigeria,"21,740",Chengdu Sports Center (Neutral Site),Huijun Niu,Match Report,2007
Group stage,Wed,9/12/07,17:00 (05:00),Brazil br,5–0,nz New Zealand,"33,500",Wuhan Stadium (Neutral Site),Pannipar Kamnueng,Match Report,2007
Group stage,Wed,9/12/07,17:00 (05:00),Australia au,4–1,gh Ghana,"25,952",Yellow Dragon Stadium (Neutral Site),Adriana Correa,Match Report,2007
Group stage,Wed,9/12/07,20:00 (08:00),China PR cn,3–2,dk Denmark,"50,800",Wuhan Stadium (Neutral Site),Dianne Ferreira-James,Match Report,2007
Group stage,Wed,9/12/07,20:00 (08:00),Norway no,2–1,ca Canada,"30,752",Yellow Dragon Stadium (Neutral Site),Christine Baitinger,Match Report,2007
Group stage,Fri,9/14/07,17:00 (05:00),Argentina ar,0–1,jp Japan,"27,730",Hongkou Stadium (Neutral Site),,Match Report,2007
Group stage,Fri,9/14/07,17:00 (05:00),USA us,2–0,se Sweden,"35,600",Chengdu Sports Center (Neutral Site),Gyöngyi Gaál,Match Report,2007
Group stage,Fri,9/14/07,20:00 (08:00),Korea DPR kp,2–0,ng Nigeria,"35,600",Chengdu Sports Center (Neutral Site),Tammy Ogston,Match Report,2007
Group stage,Fri,9/14/07,20:00 (08:00),Germany de,0–0,eng England,"27,730",Hongkou Stadium (Neutral Site),Jenny Palmqvist,Match Report,2007
Group stage,Sat,9/15/07,17:00 (05:00),Denmark dk,2–0,nz New Zealand,"54,000",Wuhan Stadium (Neutral Site),Mayumi Oiwa,Match Report,2007
Group stage,Sat,9/15/07,17:00 (05:00),Canada ca,4–0,gh Ghana,"33,835",Yellow Dragon Stadium (Neutral Site),Nicole Petignat,Match Report,2007
Group stage,Sat,9/15/07,20:00 (08:00),Norway no,1–1,au Australia,"33,835",Yellow Dragon Stadium (Neutral Site),Huijun Niu,Match Report,2007
Group stage,Sat,9/15/07,20:00 (08:00),China PR cn,0–4,br Brazil,"54,000",Wuhan Stadium (Neutral Site),Jennifer Bennett,Match Report,2007
Group stage,Mon,9/17/07,20:00 (08:00),Japan jp,0–2,de Germany,"39,817",Yellow Dragon Stadium (Neutral Site),Adriana Correa,Match Report,2007
Group stage,Mon,9/17/07,20:00 (08:00),Argentina ar,1–6,eng England,"30,730",Chengdu Sports Center (Neutral Site),Dianne Ferreira-James,Match Report,2007
Group stage,Tue,9/18/07,20:00 (08:00),Korea DPR kp,1–2,se Sweden,"33,196",Tianjin Olympic Centre Stadium (Neutral Site),Christine Baitinger,Match Report,2007
Group stage,Tue,9/18/07,20:00 (08:00),Nigeria ng,0–1,us USA,"26,100",Hongkou Stadium (Neutral Site),Mayumi Oiwa,Match Report,2007
Group stage,Thu,9/20/07,17:00 (05:00),Australia au,2–2,ca Canada,"29,300",Chengdu Sports Center (Neutral Site),Gyöngyi Gaál,Match Report,2007
Group stage,Thu,9/20/07,17:00 (05:00),Norway no,7–2,gh Ghana,"43,817",Yellow Dragon Stadium (Neutral Site),Jennifer Bennett,Match Report,2007
Group stage,Thu,9/20/07,20:00 (08:00),China PR cn,2–0,nz New Zealand,"56,208",Tianjin Olympic Centre Stadium (Neutral Site),,Match Report,2007
Group stage,Thu,9/20/07,20:00 (08:00),Brazil br,1–0,dk Denmark,"43,817",Yellow Dragon Stadium (Neutral Site),Kari Seitz,Match Report,2007
Quarter-finals,Sat,9/22/07,17:00 (05:00),Germany de,3–0,kp Korea DPR,"37,200",Wuhan Stadium (Neutral Site),Tammy Ogston,Match Report,2007
Quarter-finals,Sat,9/22/07,20:00 (08:00),USA us,3–0,eng England,"29,586",Tianjin Olympic Centre Stadium (Neutral Site),Jenny Palmqvist,Match Report,2007
Quarter-finals,Sun,9/23/07,17:00 (05:00),Norway no,1–0,cn China PR,"52,000",Wuhan Stadium (Neutral Site),Gyöngyi Gaál,Match Report,2007
Quarter-finals,Sun,9/23/07,20:00 (08:00),Brazil br,3–2,au Australia,"35,061",Tianjin Olympic Centre Stadium (Neutral Site),Christine Baitinger,Match Report,2007
Semi-finals,Wed,9/26/07,20:00 (08:00),Germany de,3–0,no Norway,"53,819",Tianjin Olympic Centre Stadium (Neutral Site),,Match Report,2007
Semi-finals,Thu,9/27/07,20:00 (08:00),USA us,0–4,br Brazil,"47,818",Yellow Dragon Stadium (Neutral Site),Nicole Petignat,Match Report,2007
Third-place match,Sun,9/30/07,17:00 (05:00),Norway no,1–4,us USA,"32,068",Hongkou Stadium (Neutral Site),Gyöngyi Gaál,Match Report,2007
Final,Sun,9/30/07,20:00 (08:00),Germany de,2–0,br Brazil,"31,000",Hongkou Stadium (Neutral Site),Tammy Ogston,Match Report,2007
Group stage,Sun,6/26/11,15:00 (09:00),Nigeria ng,0–1,fr France,,PreZero Arena (Neutral Site),Kari Seitz,Match Report,2011
Group stage,Sun,6/26/11,18:00 (12:00),Germany de,2–1,ca Canada,,Olympiastadion Berlin (Neutral Site),Jacqui Melksham,Match Report,2011
Group stage,Mon,6/27/11,15:00 (09:00),Japan jp,2–1,nz New Zealand,,Vonovia Ruhrstadion (Neutral Site),Kirsi Heikkinen,Match Report,2011
Group stage,Mon,6/27/11,18:00 (12:00),Mexico mx,1–1,eng England,,Volkswagen Arena (Neutral Site),Silvia Reyes,Match Report,2011
Group stage,Tue,6/28/11,15:00 (09:00),Colombia co,0–1,se Sweden,,BayArena (Neutral Site),Carol-Anne Chenard,Match Report,2011
Group stage,Tue,6/28/11,18:15 (12:15),USA us,2–0,kp Korea DPR,,DDV-Stadion (Neutral Site),Bibiana Steinhaus,Match Report,2011
Group stage,Wed,6/29/11,15:00 (09:00),Norway no,1–0,gq Equ. Guinea,,WWK Arena (Neutral Site),Quetzalli Alvarado,Match Report,2011
Group stage,Wed,6/29/11,18:15 (12:15),Brazil br,1–0,au Australia,,Stadion im Borussia-Park (Neutral Site),Jenny Palmqvist,Match Report,2011
Group stage,Thu,6/30/11,18:00 (12:00),Canada ca,0–4,fr France,,Vonovia Ruhrstadion (Neutral Site),Etsuko Fukano,Match Report,2011
Group stage,Thu,6/30/11,20:45 (14:45),Germany de,1–0,ng Nigeria,,Commerzbank-Arena (Neutral Site),Sung Mi Cha,Match Report,2011
Group stage,Fri,7/1/11,15:00 (09:00),Japan jp,4–0,mx Mexico,,BayArena (Neutral Site),Christina Pedersen,Match Report,2011
Group stage,Fri,7/1/11,18:15 (12:15),New Zealand nz,1–2,eng England,,DDV-Stadion (Neutral Site),Thérèse Neguel,Match Report,2011
Group stage,Sat,7/2/11,14:00 (08:00),Korea DPR kp,0–1,se Sweden,,WWK Arena (Neutral Site),Estela Alvarez,Match Report,2011
Group stage,Sat,7/2/11,18:00 (12:00),USA us,3–0,co Colombia,,PreZero Arena (Neutral Site),,Match Report,2011
Group stage,Sun,7/3/11,14:00 (08:00),Australia au,3–2,gq Equ. Guinea,,Vonovia Ruhrstadion (Neutral Site),Gyöngyi Gaál,Match Report,2011
Group stage,Sun,7/3/11,18:15 (12:15),Brazil br,3–0,no Norway,,Volkswagen Arena (Neutral Site),Kari Seitz,Match Report,2011
Group stage,Tue,7/5/11,18:15 (12:15),New Zealand nz,2–2,mx Mexico,,PreZero Arena (Neutral Site),Jenny Palmqvist,Match Report,2011
Group stage,Tue,7/5/11,18:15 (12:15),England eng,2–0,jp Japan,,WWK Arena (Neutral Site),Carol-Anne Chenard,Match Report,2011
Group stage,Tue,7/5/11,20:45 (14:45),Canada ca,0–1,ng Nigeria,,DDV-Stadion (Neutral Site),Finau Vulivuli,Match Report,2011
Group stage,Tue,7/5/11,20:45 (14:45),France fr,2–4,de Germany,,Stadion im Borussia-Park (Neutral Site),Kirsi Heikkinen,Match Report,2011
Group stage,Wed,7/6/11,18:00 (12:00),Australia au,2–1,no Norway,,BayArena (Neutral Site),Estela Alvarez,Match Report,2011
Group stage,Wed,7/6/11,18:00 (12:00),Equ. Guinea gq,0–3,br Brazil,,Commerzbank-Arena (Neutral Site),Bibiana Steinhaus,Match Report,2011
Group stage,Wed,7/6/11,20:45 (14:45),Sweden se,2–1,us USA,,Volkswagen Arena (Neutral Site),Etsuko Fukano,Match Report,2011
Group stage,Wed,7/6/11,20:45 (14:45),Korea DPR kp,0–0,co Colombia,,Vonovia Ruhrstadion (Neutral Site),Christina Pedersen,Match Report,2011
Quarter-finals,Sat,7/9/11,18:00 (12:00),England eng,(3) 1–1 (4),fr France,"26,395",BayArena (Neutral Site),Jenny Palmqvist,Match Report,2011
Quarter-finals,Sat,7/9/11,20:45 (14:45),Germany de,0–1,jp Japan,"26,067",Volkswagen Arena (Neutral Site),Quetzalli Alvarado,Match Report,2011
Quarter-finals,Sun,7/10/11,13:00 (07:00),Sweden se,3–1,au Australia,"24,605",WWK Arena (Neutral Site),Silvia Reyes,Match Report,2011
Quarter-finals,Sun,7/10/11,17:30 (11:30),Brazil br,(3) 2–2 (5),us USA,"25,598",DDV-Stadion (Neutral Site),Jacqui Melksham,Match Report,2011
Semi-finals,Wed,7/13/11,18:00 (12:00),France fr,1–3,us USA,"25,676",Stadion im Borussia-Park (Neutral Site),Kirsi Heikkinen,Match Report,2011
Semi-finals,Wed,7/13/11,20:45 (14:45),Japan jp,3–1,se Sweden,"45,434",Commerzbank-Arena (Neutral Site),Carol-Anne Chenard,Match Report,2011
Third-place match,Sat,7/16/11,17:30 (11:30),Sweden se,2–1,fr France,"25,515",PreZero Arena (Neutral Site),Kari Seitz,Match Report,2011
Final,Sun,7/17/11,20:45 (14:45),Japan jp,(3) 2–2 (1),us USA,"48,817",Commerzbank-Arena (Neutral Site),Bibiana Steinhaus,Match Report,2011
Group stage,Sat,6/6/15,16:00 (18:00),Canada ca,1–0,cn China PR,"53,058",Commonwealth Stadium (Neutral Site),Kateryna Monzul,Match Report,2015
Group stage,Sun,6/7/15,13:00,Norway no,4–0,th Thailand,"20,953",TD Place Stadium (Neutral Site),Anna-Marie Keighley,Match Report,2015
Group stage,Sun,6/7/15,16:00,Germany de,10–0 ,ci Côte d'Ivoire,"20,953",TD Place Stadium (Neutral Site),Carol-Anne Chenard,Match Report,2015
Group stage,Sat,6/6/15,19:00 (21:00),New Zealand nz,0–1,nl Netherlands,"53,058",Commonwealth Stadium (Neutral Site),Quetzalli Alvarado,Match Report,2015
Group stage,Mon,6/8/15,16:00 (17:00),Sweden se,3–3,ng Nigeria,"31,148",Investors Group Field (Neutral Site),Ri Hyang Ok,Match Report,2015
Group stage,Mon,6/8/15,16:00 (19:00),Cameroon cm,6–0,ec Ecuador,"25,942",BC Place (Neutral Site),Katalin Kulcsár,Match Report,2015
Group stage,Mon,6/8/15,18:30 (19:30),USA us,3–1,au Australia,"31,148",Investors Group Field (Neutral Site),Claudia Umpiérrez,Match Report,2015
Group stage,Tue,6/9/15,14:00 (13:00),France fr,1–0,eng England,"11,686",Moncton Stadium (Neutral Site),Thalia Mitsi,Match Report,2015
Group stage,Tue,6/9/15,16:00,Spain es,1–1,cr Costa Rica,"10,175",Olympic Stadium (Neutral Site),Salomé Di Iorio,Match Report,2015
Group stage,Tue,6/9/15,17:00 (16:00),Colombia co,1–1,mx Mexico,"11,686",Moncton Stadium (Neutral Site),Thérèse Neguel,Match Report,2015
Group stage,Mon,6/8/15,19:00 (22:00),Japan jp,1–0,ch Switzerland,"25,942",BC Place (Neutral Site),Lucila Venegas,Match Report,2015
Group stage,Tue,6/9/15,19:00,Brazil br,2–0,kr Korea Rep,"10,175",Olympic Stadium (Neutral Site),Esther Staubli,Match Report,2015
Group stage,Thu,6/11/15,16:00 (18:00),China PR cn,1–0,nl Netherlands,"35,544",Commonwealth Stadium (Neutral Site),Yeimy Martínez,Match Report,2015
Group stage,Thu,6/11/15,16:00,Germany de,1–1,no Norway,"18,967",TD Place Stadium (Neutral Site),Teodora Albon,Match Report,2015
Group stage,Thu,6/11/15,19:00,Côte d'Ivoire ci,2–3,th Thailand,"18,987",TD Place Stadium (Neutral Site),Margaret Domka,Match Report,2015
Group stage,Fri,6/12/15,16:00 (17:00),Australia au,2–0,ng Nigeria,"32,716",Investors Group Field (Neutral Site),Stéphanie Frappart,Match Report,2015
Group stage,Fri,6/12/15,16:00 (19:00),Switzerland ch,10–1 ,ec Ecuador,"31,441",BC Place (Neutral Site),Rita Gani,Match Report,2015
Group stage,Thu,6/11/15,19:00 (21:00),Canada ca,0–0,nz New Zealand,"35,544",Commonwealth Stadium (Neutral Site),Bibiana Steinhaus,Match Report,2015
Group stage,Sat,6/13/15,14:00 (13:00),France fr,0–2,co Colombia,"13,138",Moncton Stadium (Neutral Site),Qin Liang,Match Report,2015
Group stage,Sat,6/13/15,16:00,Brazil br,1–0,es Spain,"28,623",Olympic Stadium (Neutral Site),Carol-Anne Chenard,Match Report,2015
Group stage,Sat,6/13/15,17:00 (16:00),England eng,2–1,mx Mexico,"13,138",Moncton Stadium (Neutral Site),Anna-Marie Keighley,Match Report,2015
Group stage,Sat,6/13/15,19:00,Korea Rep kr,2–2,cr Costa Rica,"28,623",Olympic Stadium (Neutral Site),Carina Vitulano,Match Report,2015
Group stage,Fri,6/12/15,19:00 (22:00),Japan jp,2–1,cm Cameroon,"31,441",BC Place (Neutral Site),Pernilla Larsson,Match Report,2015
Group stage,Fri,6/12/15,19:00 (20:00),USA us,0–0,se Sweden,"32,716",Investors Group Field (Neutral Site),Sachiko Yamagishi,Match Report,2015
Group stage,Mon,6/15/15,15:00 (16:00),Thailand th,0–4,de Germany,"26,191",Investors Group Field (Neutral Site),Gladys Lengwe,Match Report,2015
Group stage,Mon,6/15/15,17:00 (16:00),Côte d'Ivoire ci,1–3,no Norway,"7,147",Moncton Stadium (Neutral Site),Salomé Di Iorio,Match Report,2015
Group stage,Mon,6/15/15,18:30 (19:30),China PR cn,2–2,nz New Zealand,"26,191",Investors Group Field (Neutral Site),Katalin Kulcsár,Match Report,2015
Group stage,Mon,6/15/15,19:30,Netherlands nl,1–1,ca Canada,"45,420",Olympic Stadium (Neutral Site),Ri Hyang Ok,Match Report,2015
Group stage,Tue,6/16/15,15:00 (17:00),Switzerland ch,1–2,cm Cameroon,"10,177",Commonwealth Stadium (Neutral Site),Claudia Umpiérrez,Match Report,2015
Group stage,Tue,6/16/15,16:00 (17:00),Ecuador ec,0–1,jp Japan,"14,522",Investors Group Field (Neutral Site),Melissa Borjas,Match Report,2015
Group stage,Wed,6/17/15,16:00,England eng,2–1,co Colombia,"13,862",Olympic Stadium (Neutral Site),Carol-Anne Chenard,Match Report,2015
Group stage,Wed,6/17/15,16:00,Mexico mx,0–5,fr France,"21,562",TD Place Stadium (Neutral Site),Sachiko Yamagishi,Match Report,2015
Group stage,Tue,6/16/15,17:00 (20:00),Nigeria ng,0–1,us USA,"52,193",BC Place (Neutral Site),Kateryna Monzul,Match Report,2015
Group stage,Tue,6/16/15,18:00 (20:00),Australia au,1–1,se Sweden,"10,177",Commonwealth Stadium (Neutral Site),Lucila Venegas,Match Report,2015
Group stage,Wed,6/17/15,19:00,Korea Rep kr,2–1,es Spain,"21,562",TD Place Stadium (Neutral Site),Anna-Marie Keighley,Match Report,2015
Group stage,Thu,6/18/15,05:00 (04:00),Costa Rica cr,0–1,br Brazil,"9,543",Moncton Stadium (Neutral Site),Thalia Mitsi,Match Report,2015
Round of 16,Sat,6/20/15,16:00,Germany de,4–1,se Sweden,"22,486",TD Place Stadium (Neutral Site),Ri Hyang Ok,Match Report,2015
Round of 16,Sat,6/20/15,17:30 (19:30),China PR cn,1–0,cm Cameroon,"15,958",Commonwealth Stadium (Neutral Site),Bibiana Steinhaus,Match Report,2015
Round of 16,Sun,6/21/15,14:00 (13:00),Brazil br,0–1,au Australia,"12,054",Moncton Stadium (Neutral Site),Teodora Albon,Match Report,2015
Round of 16,Sun,6/21/15,15:30 (18:30),Canada ca,1–0,ch Switzerland,"53,855",BC Place (Neutral Site),Anna-Marie Keighley,Match Report,2015
Round of 16,Sun,6/21/15,16:00,France fr,3–0,kr Korea Rep,"15,518",Olympic Stadium (Neutral Site),Salomé Di Iorio,Match Report,2015
Round of 16,Mon,6/22/15,17:00,Norway no,1–2,eng England,"19,829",TD Place Stadium (Neutral Site),Esther Staubli,Match Report,2015
Round of 16,Mon,6/22/15,18:00 (20:00),USA us,2–0,co Colombia,"19,412",Commonwealth Stadium (Neutral Site),Stéphanie Frappart,Match Report,2015
Round of 16,Tue,6/23/15,19:00 (22:00),Japan jp,2–1,nl Netherlands,"28,717",BC Place (Neutral Site),Lucila Venegas,Match Report,2015
Quarter-finals,Fri,6/26/15,16:00,Germany de,(5) 1–1 (4),fr France,"24,859",Olympic Stadium (Neutral Site),Carol-Anne Chenard,Match Report,2015
Quarter-finals,Fri,6/26/15,19:30,China PR cn,0–1,us USA,"24,141",TD Place Stadium (Neutral Site),Carina Vitulano,Match Report,2015
Quarter-finals,Sat,6/27/15,14:00 (16:00),Australia au,0–1,jp Japan,"19,814",Commonwealth Stadium (Neutral Site),Kateryna Monzul,Match Report,2015
Quarter-finals,Sat,6/27/15,16:30 (19:30),England eng,2–1,ca Canada,"54,027",BC Place (Neutral Site),Claudia Umpiérrez,Match Report,2015
Semi-finals,Tue,6/30/15,19:00,USA us,2–0,de Germany,"51,176",Olympic Stadium (Neutral Site),Teodora Albon,Match Report,2015
Semi-finals,Wed,7/1/15,17:00 (19:00),Japan jp,2–1,eng England,"31,467",Commonwealth Stadium (Neutral Site),Anna-Marie Keighley,Match Report,2015
Third-place match,Sat,7/4/15,16:00,Germany de,0–1,eng England,"21,483",Olympic Stadium (Neutral Site),Ri Hyang Ok,Match Report,2015
Final,Sun,7/5/15,16:00 (19:00),USA us,5–2,jp Japan,"53,341",BC Place (Neutral Site),Kateryna Monzul,Match Report,2015
Group stage,Fri,6/7/19,21:00 (15:00),France fr,4–0,kr Korea Rep,"45,261",Parc des Princes,Claudia Umpiérrez,Match Report,2019
Group stage,Sat,6/8/19,15:00 (09:00),Germany de,1–0,cn China PR,"15,283",Roazhon Park,Marie-Soleil Beaudoin,Match Report,2019
Group stage,Sat,6/8/19,18:00 (12:00),Spain es,3–1,za South Africa,"12,044",Stade Océane,Maria Carvajal,Match Report,2019
Group stage,Sat,6/8/19,21:00 (15:00),Norway no,3–0,ng Nigeria,"11,058",Stade Auguste-Delaune II,Kate Jacewicz,Match Report,2019
Group stage,Sun,6/9/19,13:00 (07:00),Australia au,1–2,it Italy,"15,380",Stade du Hainaut,Melissa Borjas,Match Report,2019
Group stage,Sun,6/9/19,15:30 (09:30),Brazil br,3–0,jm Jamaica,"17,668",Stade des Alpes,Riem Hussein,Match Report,2019
Group stage,Sun,6/9/19,18:00 (12:00),England eng,2–1,sct Scotland,"13,188",Stade de Nice,Jana Adamkova,Match Report,2019
Group stage,Mon,6/10/19,18:00 (12:00),Argentina ar,0–0,jp Japan,"25,055",Parc des Princes,Stéphanie Frappart,Match Report,2019
Group stage,Mon,6/10/19,21:00 (15:00),Canada ca,1–0,cm Cameroon,"10,710",Stade de la Mosson,Ri Hyang Ok,Match Report,2019
Group stage,Tue,6/11/19,15:00 (09:00),New Zealand nz,0–1,nl Netherlands,"10,654",Stade Océane,Edina Alves Batista,Match Report,2019
Group stage,Tue,6/11/19,18:00 (12:00),Chile cl,0–2,se Sweden,"15,875",Roazhon Park,Lucila Venegas,Match Report,2019
Group stage,Tue,6/11/19,21:00 (15:00),USA us,13–0 ,th Thailand,"18,591",Stade Auguste-Delaune II,Jeanne Niang,Match Report,2019
Group stage,Wed,6/12/19,15:00 (09:00),Nigeria ng,2–0,kr Korea Rep,"11,252",Stade des Alpes,Anastasia Pustovoitova,Match Report,2019
Group stage,Wed,6/12/19,18:00 (12:00),Germany de,1–0,es Spain,"20,761",Stade du Hainaut,Kateryna Monzul,Match Report,2019
Group stage,Wed,6/12/19,21:00 (15:00),France fr,2–1,no Norway,"34,872",Stade de Nice,Bibiana Steinhaus,Match Report,2019
Group stage,Thu,6/13/19,18:00 (12:00),Australia au,3–2,br Brazil,"17,032",Stade de la Mosson,Esther Staubli,Match Report,2019
Group stage,Thu,6/13/19,21:00 (15:00),South Africa za,0–1,cn China PR,"20,011",Parc des Princes,Katalin Kulcsár,Match Report,2019
Group stage,Fri,6/14/19,15:00 (09:00),Japan jp,2–1,sct Scotland,"13,201",Roazhon Park,Lidya Tafesse,Match Report,2019
Group stage,Fri,6/14/19,18:00 (12:00),Jamaica jm,0–5,it Italy,"12,016",Stade Auguste-Delaune II,,Match Report,2019
Group stage,Fri,6/14/19,21:00 (15:00),England eng,1–0,ar Argentina,"20,294",Stade Océane,Qin Liang,Match Report,2019
Group stage,Sat,6/15/19,15:00 (09:00),Netherlands nl,3–1,cm Cameroon,"22,423",Stade du Hainaut,Casey Reibelt,Match Report,2019
Group stage,Sat,6/15/19,21:00 (15:00),Canada ca,2–0,nz New Zealand,"14,856",Stade des Alpes,Yoshimi Yamashita,Match Report,2019
Group stage,Sun,6/16/19,15:00 (09:00),Sweden se,5–1,th Thailand,"9,354",Stade de Nice,Salma Mukansanga,Match Report,2019
Group stage,Sun,6/16/19,18:00 (12:00),USA us,3–0,cl Chile,"45,594",Parc des Princes,Riem Hussein,Match Report,2019
Group stage,Mon,6/17/19,18:00 (12:00),South Africa za,0–4,de Germany,"15,502",Stade de la Mosson,Sandra Braz,Match Report,2019
Group stage,Mon,6/17/19,18:00 (12:00),China PR cn,0–0,es Spain,"11,814",Stade Océane,Edina Alves Batista,Match Report,2019
Group stage,Mon,6/17/19,21:00 (15:00),Korea Rep kr,1–2,no Norway,"13,034",Stade Auguste-Delaune II,Marie-Soleil Beaudoin,Match Report,2019
Group stage,Mon,6/17/19,21:00 (15:00),Nigeria ng,0–1,fr France,"28,267",Roazhon Park,Melissa Borjas,Match Report,2019
Group stage,Tue,6/18/19,21:00 (15:00),Italy it,0–1,br Brazil,"21,669",Stade du Hainaut,Lucila Venegas,Match Report,2019
Group stage,Tue,6/18/19,21:00 (15:00),Jamaica jm,1–4,au Australia,"17,402",Stade des Alpes,Katalin Kulcsár,Match Report,2019
Group stage,Wed,6/19/19,21:00 (15:00),Japan jp,0–2,eng England,"14,319",Stade de Nice,Claudia Umpiérrez,Match Report,2019
Group stage,Wed,6/19/19,21:00 (15:00),Scotland sct,3–3,ar Argentina,"28,205",Parc des Princes,Ri Hyang Ok,Match Report,2019
Group stage,Thu,6/20/19,18:00 (12:00),Netherlands nl,2–1,ca Canada,"19,277",Stade Auguste-Delaune II,Stéphanie Frappart,Match Report,2019
Group stage,Thu,6/20/19,18:00 (12:00),Cameroon cm,2–1,nz New Zealand,"8,009",Stade de la Mosson,Kateryna Monzul,Match Report,2019
Group stage,Thu,6/20/19,21:00 (15:00),Sweden se,0–2,us USA,"22,418",Stade Océane,Anastasia Pustovoitova,Match Report,2019
Group stage,Thu,6/20/19,21:00 (15:00),Thailand th,0–2,cl Chile,"13,567",Roazhon Park,Anna-Marie Keighley,Match Report,2019
Round of 16,Sat,6/22/19,17:30 (11:30),Germany de,3–0,ng Nigeria,"17,988",Stade des Alpes,Yoshimi Yamashita,Match Report,2019
Round of 16,Sat,6/22/19,21:00 (15:00),Norway no,(4) 1–1 (1),au Australia,,Stade de Nice,Riem Hussein,Match Report,2019
Round of 16,Sun,6/23/19,17:30 (11:30),England eng,3–0,cm Cameroon,"20,148",Stade du Hainaut,Qin Liang,Match Report,2019
Round of 16,Sun,6/23/19,21:00 (15:00),France fr,2–1,br Brazil,,Stade Océane,Marie-Soleil Beaudoin,Match Report,2019
Round of 16,Mon,6/24/19,18:00 (12:00),Spain es,1–2,us USA,"19,633",Stade Auguste-Delaune II,Katalin Kulcsár,Match Report,2019
Round of 16,Mon,6/24/19,21:00 (15:00),Sweden se,1–0,ca Canada,"38,078",Parc des Princes,Kate Jacewicz,Match Report,2019
Round of 16,Tue,6/25/19,18:00 (12:00),Italy it,2–0,cn China PR,"17,492",Stade de la Mosson,Edina Alves Batista,Match Report,2019
Round of 16,Tue,6/25/19,21:00 (15:00),Netherlands nl,2–1,jp Japan,"21,076",Roazhon Park,Melissa Borjas,Match Report,2019
Quarter-finals,Thu,6/27/19,21:00 (15:00),Norway no,0–3,eng England,"21,111",Stade Océane,Lucila Venegas,Match Report,2019
Quarter-finals,Fri,6/28/19,21:00 (15:00),France fr,1–2,us USA,"45,595",Parc des Princes,Kateryna Monzul,Match Report,2019
Quarter-finals,Sat,6/29/19,15:00 (09:00),Italy it,0–2,nl Netherlands,"22,600",Stade du Hainaut,Claudia Umpiérrez,Match Report,2019
Quarter-finals,Sat,6/29/19,18:30 (12:30),Germany de,1–2,se Sweden,"25,301",Roazhon Park,Stéphanie Frappart,Match Report,2019
Semi-finals,Tue,7/2/19,21:00 (15:00),England eng,1–2,us USA,"53,512",Groupama Stadium,,Match Report,2019
Semi-finals,Wed,7/3/19,21:00 (15:00),Netherlands nl,1–0,se Sweden,"48,452",Groupama Stadium,Marie-Soleil Beaudoin,Match Report,2019
Third-place match,Sat,7/6/19,17:00 (11:00),England eng,1–2,se Sweden,"20,316",Stade de Nice,Anastasia Pustovoitova,Match Report,2019
Final,Sun,7/7/19,17:00 (11:00),USA us,2–0,nl Netherlands,"57,900",Groupama Stadium,Stéphanie Frappart,Match Report,2019
Group stage,Thu,7/20/23,19:00 (03:00),New Zealand nz,1–0,no Norway,"42,137",Eden Park (Neutral Site),Yoshimi Yamashita,Match Report,2023
Group stage,Thu,7/20/23,20:00 (06:00),Australia au,1–0,ie Rep. of Ireland,"75,784",Accor Stadium (Neutral Site),Edina Alves Batista,Match Report,2023
Group stage,Fri,7/21/23,12:30 (22:30),Nigeria ng,0–0,ca Canada,"21,410",AAMI Park (Neutral Site),Lina Lehtovaara,Match Report,2023
Group stage,Fri,7/21/23,17:00 (01:00),Philippines ph,0–2,ch Switzerland,"13,711",Forsyth Barr Stadium (Neutral Site),Vincentia Amedome,Match Report,2023
Group stage,Fri,7/21/23,19:30 (03:30),Spain es,3–0,cr Costa Rica,"22,966",Sky Stadium (Neutral Site),Casey Reibelt,Match Report,2023
Group stage,Sat,7/22/23,13:00 (21:00),USA us,3–0,vn Vietnam,"41,107",Eden Park (Neutral Site),Bouchra Karboubi,Match Report,2023
Group stage,Sat,7/22/23,19:00 (03:00),Zambia zm,0–5,jp Japan,"16,111",FMG Stadium Waikato (Neutral Site),Tess Olofsson,Match Report,2023
Group stage,Sat,7/22/23,19:30 (05:30),England eng,1–0,ht Haiti,"44,369",Suncorp Stadium (Neutral Site),Emikar Calderas,Match Report,2023
Group stage,Sat,7/22/23,20:00 (08:00),Denmark dk,1–0,cn China PR,"16,989",HBF Park (Neutral Site),Marie-Soleil Beaudoin,Match Report,2023
Group stage,Sun,7/23/23,17:00 (01:00),Sweden se,2–1,za South Africa,"18,317",Sky Stadium (Neutral Site),Katja Koroleva,Match Report,2023
Group stage,Sun,7/23/23,19:30 (03:30),Netherlands nl,1–0,pt Portugal,"11,991",Forsyth Barr Stadium (Neutral Site),Kateryna Monzul,Match Report,2023
Group stage,Sun,7/23/23,20:00 (06:00),France fr,0–0,jm Jamaica,"39,045",Allianz Stadium (Neutral Site),María Carvajal,Match Report,2023
Group stage,Mon,7/24/23,18:00 (02:00),Italy it,1–0,ar Argentina,"30,889",Eden Park (Neutral Site),Melissa Borjas Pastrana,Match Report,2023
Group stage,Mon,7/24/23,18:30 (04:30),Germany de,6–0,ma Morocco,"27,256",AAMI Park (Neutral Site),Tori Penso,Match Report,2023
Group stage,Mon,7/24/23,20:30 (07:00),Brazil br,4–0,pa Panama,"13,142",Coopers Stadium (Neutral Site),Cheryl Foster,Match Report,2023
Group stage,Tue,7/25/23,12:00 (22:00),Colombia co,2–0,kr Korea Republic,"24,323",Allianz Stadium (Neutral Site),Rebecca Welch,Match Report,2023
Group stage,Tue,7/25/23,17:30 (01:30),New Zealand nz,0–1,ph Philippines,"32,357",Sky Stadium (Neutral Site),Katia García,Match Report,2023
Group stage,Tue,7/25/23,20:00 (04:00),Switzerland ch,0–0,no Norway,"10,769",FMG Stadium Waikato (Neutral Site),Stéphanie Frappart,Match Report,2023
Group stage,Wed,7/26/23,17:00 (01:00),Japan jp,2–0,cr Costa Rica,"6,992",Forsyth Barr Stadium (Neutral Site),Maria Sole Ferrieri Caputi,Match Report,2023
Group stage,Wed,7/26/23,19:30 (03:30),Spain es,5–0,zm Zambia,"20,983",Eden Park (Neutral Site),Oh Hyeonjeong,Match Report,2023
Group stage,Wed,7/26/23,20:00 (08:00),Canada ca,2–1,ie Rep. of Ireland,"17,065",HBF Park (Neutral Site),Laura Fortunato,Match Report,2023
Group stage,Thu,7/27/23,13:00 (21:00),USA us,1–1,nl Netherlands,"27,312",Sky Stadium (Neutral Site),Yoshimi Yamashita,Match Report,2023
Group stage,Thu,7/27/23,19:30 (03:30),Portugal pt,2–0,vn Vietnam,"6,645",FMG Stadium Waikato (Neutral Site),Salima Mukansanga,Match Report,2023
Group stage,Thu,7/27/23,20:00 (06:00),Australia au,2–3,ng Nigeria,"49,156",Suncorp Stadium (Neutral Site),Esther Staubli,Match Report,2023
Group stage,Fri,7/28/23,12:00 (20:00),Argentina ar,2–2,za South Africa,"8,834",Forsyth Barr Stadium (Neutral Site),Anna-Marie Keighley,Match Report,2023
Group stage,Fri,7/28/23,18:30 (04:30),England eng,1–0,dk Denmark,"40,439",Allianz Stadium (Neutral Site),Tess Olofsson,Match Report,2023
Group stage,Fri,7/28/23,20:30 (07:00),China PR cn,1–0,ht Haiti,"12,675",Coopers Stadium (Neutral Site),Marta Huerta,Match Report,2023
Group stage,Sat,7/29/23,19:30 (03:30),Sweden se,5–0,it Italy,"29,143",Sky Stadium (Neutral Site),Cheryl Foster,Match Report,2023
Group stage,Sat,7/29/23,20:00 (06:00),France fr,2–1,br Brazil,"49,378",Suncorp Stadium (Neutral Site),Kate Jacewicz,Match Report,2023
Group stage,Sat,7/29/23,20:30 (08:30),Panama pa,0–1,jm Jamaica,"15,987",HBF Park (Neutral Site),Kateryna Monzul,Match Report,2023
Group stage,Sun,7/30/23,14:00 (00:30),Korea Republic kr,0–1,ma Morocco,"12,886",Coopers Stadium (Neutral Site),Edina Alves Batista,Match Report,2023
Group stage,Sun,7/30/23,19:00 (03:00),Switzerland ch,0–0,nz New Zealand,"25,947",Forsyth Barr Stadium (Neutral Site),Tori Penso,Match Report,2023
Group stage,Sun,7/30/23,19:00 (03:00),Norway no,6–0,ph Philippines,"34,697",Eden Park (Neutral Site),Marie-Soleil Beaudoin,Match Report,2023
Group stage,Sun,7/30/23,19:30 (05:30),Germany de,1–2,co Colombia,"40,499",Allianz Stadium (Neutral Site),Melissa Borjas Pastrana,Match Report,2023
Group stage,Mon,7/31/23,19:00 (03:00),Costa Rica cr,1–3,zm Zambia,"8,117",FMG Stadium Waikato (Neutral Site),Bouchra Karboubi,Match Report,2023
Group stage,Mon,7/31/23,19:00 (03:00),Japan jp,4–0,es Spain,"20,957",Sky Stadium (Neutral Site),Katja Koroleva,Match Report,2023
Group stage,Mon,7/31/23,20:00 (06:00),Rep. of Ireland ie,0–0,ng Nigeria,"24,884",Suncorp Stadium (Neutral Site),Katia García,Match Report,2023
Group stage,Mon,7/31/23,20:00 (06:00),Canada ca,0–4,au Australia,"27,706",AAMI Park (Neutral Site),Stéphanie Frappart,Match Report,2023
Group stage,Tue,8/1/23,19:00 (07:00),Haiti ht,0–2,dk Denmark,"17,897",HBF Park (Neutral Site),Oh Hyeonjeong,Match Report,2023
Group stage,Tue,8/1/23,19:00 (03:00),Vietnam vn,0–7,nl Netherlands,"8,215",Forsyth Barr Stadium (Neutral Site),Ivana Martinčić,Match Report,2023
Group stage,Tue,8/1/23,19:00 (03:00),Portugal pt,0–0,us USA,"40,958",Eden Park (Neutral Site),Rebecca Welch,Match Report,2023
Group stage,Tue,8/1/23,20:30 (07:00),China PR cn,1–6,eng England,"13,497",Coopers Stadium (Neutral Site),Casey Reibelt,Match Report,2023
Group stage,Wed,8/2/23,19:00 (03:00),South Africa za,3–2,it Italy,"14,967",Sky Stadium (Neutral Site),María Carvajal,Match Report,2023
Group stage,Wed,8/2/23,19:00 (03:00),Argentina ar,0–2,se Sweden,"17,907",FMG Stadium Waikato (Neutral Site),Salima Mukansanga,Match Report,2023
Group stage,Wed,8/2/23,20:00 (06:00),Panama pa,3–6,fr France,"40,498",Allianz Stadium (Neutral Site),Laura Fortunato,Match Report,2023
Group stage,Wed,8/2/23,20:00 (06:00),Jamaica jm,0–0,br Brazil,"27,638",AAMI Park (Neutral Site),Esther Staubli,Match Report,2023
Group stage,Thu,8/3/23,18:00 (06:00),Morocco ma,1–0,co Colombia,"17,342",HBF Park (Neutral Site),Maria Sole Ferrieri Caputi,Match Report,2023
Group stage,Thu,8/3/23,20:00 (06:00),Korea Republic kr,1–1,de Germany,"38,945",Suncorp Stadium (Neutral Site),Anna-Marie Keighley,Match Report,2023
Round of 16,Sat,8/5/23,17:00 (01:00),Switzerland ch,1–5,es Spain,"43,217",Eden Park (Neutral Site),Cheryl Foster,Match Report,2023
Round of 16,Sat,8/5/23,20:00 (04:00),Japan jp,3–1,no Norway,"33,042",Sky Stadium (Neutral Site),Edina Alves Batista,Match Report,2023
Round of 16,Sun,8/6/23,12:00 (22:00),Netherlands nl,2–0,za South Africa,"40,233",Allianz Stadium (Neutral Site),Yoshimi Yamashita,Match Report,2023
Round of 16,Sun,8/6/23,19:00 (05:00),Sweden se,(5) 0–0 (4),us USA,"27,706",AAMI Park (Neutral Site),Stéphanie Frappart,Match Report,2023
Round of 16,Mon,8/7/23,17:30 (03:30),England eng,(4) 0–0 (2),ng Nigeria,"49,461",Suncorp Stadium (Neutral Site),Melissa Borjas Pastrana,Match Report,2023
Round of 16,Mon,8/7/23,20:30 (06:30),Australia au,2–0,dk Denmark,"75,784",Accor Stadium (Neutral Site),Rebecca Welch,Match Report,2023
Round of 16,Tue,8/8/23,18:00 (04:00),Colombia co,1–0,jm Jamaica,"27,706",AAMI Park (Neutral Site),Kate Jacewicz,Match Report,2023
Round of 16,Tue,8/8/23,20:30 (07:00),France fr,4–0,ma Morocco,"13,557",Coopers Stadium (Neutral Site),Tori Penso,Match Report,2023
Quarter-finals,Fri,8/11/23,13:00 (21:00),Spain es,2–1,nl Netherlands,"32,021",Sky Stadium (Neutral Site),Stéphanie Frappart,Match Report,2023
Quarter-finals,Fri,8/11/23,19:30 (03:30),Japan jp,1–2,se Sweden,"43,217",Eden Park (Neutral Site),Esther Staubli,Match Report,2023
Quarter-finals,Sat,8/12/23,17:00 (03:00),Australia au,(7) 0–0 (6),fr France,"49,461",Suncorp Stadium (Neutral Site),María Carvajal,Match Report,2023
Quarter-finals,Sat,8/12/23,20:30 (06:30),England eng,2–1,co Colombia,"75,784",Accor Stadium (Neutral Site),Katja Koroleva,Match Report,2023
Semi-finals,Tue,8/15/23,20:00 (04:00),Spain es,2–1,se Sweden,"43,217",Eden Park (Neutral Site),Edina Alves Batista,Match Report,2023
Semi-finals,Wed,8/16/23,20:00 (06:00),Australia au,1–3,eng England,"75,784",Accor Stadium (Neutral Site),Tori Penso,Match Report,2023
Third-place match,Sat,8/19/23,18:00 (04:00),Sweden se,2–0,au Australia,"49,461",Suncorp Stadium (Neutral Site),Cheryl Foster,Match Report,2023
Final,Sun,8/20/23,20:00 (06:00),Spain es,1–0,eng England,"75,784",Accor Stadium (Neutral Site),Tori Penso,Match Report,2023